Cod_Provincia,2020-08-19,2020-08-20,2020-08-21,2020-08-22,2020-08-23,2020-08-24,2020-08-25,2020-08-26,2020-08-27,2020-08-28,2020-08-29,2020-08-30,2020-08-31,2020-09-01,2020-09-02,2020-09-03,2020-09-04,2020-09-05,2020-09-06,2020-09-07,2020-09-08,2020-09-09,2020-09-10,2020-09-11,2020-09-12,2020-09-13,2020-09-14,2020-09-15,2020-09-16,2020-09-17,2020-09-18,2020-09-19,2020-09-20,2020-09-21,2020-09-22,2020-09-23,2020-09-24,2020-09-25,2020-09-26,2020-09-27,2020-09-28,2020-09-29,2020-09-30,2020-10-01,2020-10-02,2020-10-03,2020-10-04,2020-10-05,2020-10-06,2020-10-07,2020-10-08,2020-10-09,2020-10-10,2020-10-11,2020-10-12,2020-10-13,2020-10-14,2020-10-15,2020-10-16,2020-10-17,2020-10-18,2020-10-19,2020-10-20,2020-10-21,2020-10-22,2020-10-23,2020-10-24,2020-10-25,2020-10-26,2020-10-27,2020-10-28,2020-10-29,2020-10-30,2020-10-31,2020-11-01,2020-11-02,2020-11-03,2020-11-04,2020-11-05,2020-11-06,2020-11-07,2020-11-08,2020-11-09,2020-11-10,2020-11-11,2020-11-12,2020-11-13,2020-11-14,2020-11-15,2020-11-16,2020-11-17,2020-11-18,2020-11-19,2020-11-20,2020-11-21,2020-11-22,2020-11-23,2020-11-24,2020-11-25,2020-11-26,2020-11-27,2020-11-28,2020-11-29,2020-11-30,2020-12-01,2020-12-02,2020-12-03,2020-12-04,2020-12-05,2020-12-06,2020-12-07,2020-12-08,2020-12-09,2020-12-10,2020-12-11,2020-12-12,2020-12-13,2020-12-14,2020-12-15,2020-12-16,2020-12-17,2020-12-18,2020-12-19,2020-12-20,2020-12-21,2020-12-22,2020-12-23,2020-12-24,2020-12-25,2020-12-26,2020-12-27,2020-12-28,2020-12-29,2020-12-30,2020-12-31,2021-01-01,2021-01-02,2021-01-03,2021-01-04,2021-01-05,2021-01-06,2021-01-07,2021-01-08,2021-01-09,2021-01-10,2021-01-11,2021-01-12,2021-01-13,2021-01-14,2021-01-15,2021-01-16,2021-01-17,2021-01-18,2021-01-19,2021-01-20,2021-01-21,2021-01-22,2021-01-23,2021-01-24,2021-01-25,2021-01-26,2021-01-27,2021-01-28,2021-01-29,2021-01-30,2021-01-31,2021-02-01,2021-02-02,2021-02-03,2021-02-04,2021-02-05,2021-02-06,2021-02-07,2021-02-08,2021-02-09,2021-02-10,2021-02-11,2021-02-12,2021-02-13,2021-02-14,2021-02-15,2021-02-16,2021-02-17,2021-02-18,2021-02-19,2021-02-20,2021-02-21,2021-02-22,2021-02-23,2021-02-24,2021-02-25,2021-02-26,2021-02-27,2021-02-28,2021-03-01,2021-03-02,2021-03-03,2021-03-04,2021-03-05,2021-03-06,2021-03-07,2021-03-08,2021-03-09,2021-03-10,2021-03-11,2021-03-12,2021-03-13,2021-03-14,2021-03-15,2021-03-16,2021-03-17,2021-03-18,2021-03-19,2021-03-20,2021-03-21,2021-03-22,2021-03-23,2021-03-24,2021-03-25,2021-03-26,2021-03-27,2021-03-28,2021-03-29,2021-03-30,2021-03-31,2021-04-01,2021-04-02,2021-04-03,2021-04-04,2021-04-05,2021-04-06,2021-04-07,2021-04-08,2021-04-09,2021-04-10,2021-04-11,2021-04-12,2021-04-13,2021-04-14,2021-04-15,2021-04-16,2021-04-17,2021-04-18,2021-04-19,2021-04-20,2021-04-21,2021-04-22,2021-04-23,2021-04-24,2021-04-25,2021-04-26,2021-04-27,2021-04-28,2021-04-29,2021-04-30,2021-05-01,2021-05-02,2021-05-03,2021-05-04,2021-05-05,2021-05-06,2021-05-07,2021-05-08,2021-05-09
1,71.0,68.0,69.0,69.0,77.0,76.0,72.0,69.0,73.0,74.0,75.0,76.0,86.0,89.0,92.0,101.0,101.0,101.0,94.0,85.0,78.0,82.0,82.0,68.0,68.0,78.0,79.0,81.0,80.0,73.0,73.0,73.0,79.0,77.0,80.0,80.0,81.0,77.0,77.0,88.0,84.0,81.0,84.0,88.0,86.0,86.0,95.0,100.0,96.0,89.0,87.0,81.0,81.0,81.0,85.0,83.0,81.0,78.0,72.0,72.0,82.0,79.0,85.0,85.0,81.0,81.0,81.0,81.0,90.0,90.0,89.0,87.0,83.0,88.0,95.0,95.0,95.0,96.0,91.0,90.0,90.0,105.0,108.0,108.0,101.0,104.0,99.0,99.0,115.0,113.0,107.0,109.0,110.0,102.0,102.0,105.0,105.0,106.0,107.0,105.0,92.0,92.0,97.0,91.0,85.0,90.0,84.0,87.0,87.0,101.0,98.0,99.0,94.0,102.0,105.0,104.0,107.0,107.0,105.0,110.0,105.0,109.0,109.0,111.0,111.0,109.0,95.0,95.0,95.0,95.0,99.0,86.0,90.0,84.0,76.0,82.0,82.0,87.0,85.0,85.0,82.0,76.0,62.0,62.0,67.0,70.0,66.0,65.0,66.0,69.0,69.0,75.0,91.0,80.0,85.0,85.0,97.0,101.0,106.0,115.0,115.0,112.0,113.0,111.0,111.0,123.0,116.0,125.0,124.0,128.0,125.0,125.0,125.0,132.0,135.0,123.0,117.0,115.0,115.0,125.0,121.0,110.0,101.0,100.0,90.0,90.0,91.0,81.0,78.0,83.0,85.0,80.0,80.0,84.0,82.0,78.0,78.0,78.0,75.0,75.0,81.0,78.0,75.0,68.0,68.0,69.0,69.0,73.0,73.0,75.0,66.0,66.0,67.0,67.0,74.0,71.0,67.0,66.0,63.0,58.0,65.0,67.0,63.0,59.0,59.0,59.0,62.0,62.0,62.0,83.0,82.0,75.0,75.0,76.0,76.0,85.0,83.0,91.0,89.0,93.0,95.0,95.0,105.0,108.0,109.0,104.0,106.0,97.0,97.0,106.0,100.0,96.0,102.0,106.0,106.0,106.0,104.0,107.0,105.0,96.0,94.0,96.0,96.0,107.0
2,27.0,27.0,30.0,30.0,39.0,39.0,46.0,46.0,45.0,49.0,50.0,51.0,62.0,58.0,61.0,66.0,57.0,59.0,60.0,62.0,72.0,68.0,73.0,67.0,67.0,71.0,72.0,74.0,79.0,67.0,61.0,61.0,70.0,73.0,69.0,66.0,66.0,19.0,20.0,68.0,62.0,61.0,60.0,58.0,52.0,52.0,67.0,62.0,62.0,53.0,55.0,54.0,54.0,54.0,67.0,73.0,76.0,70.0,65.0,65.0,77.0,86.0,80.0,83.0,84.0,77.0,79.0,93.0,96.0,108.0,111.0,123.0,132.0,138.0,139.0,131.0,140.0,145.0,149.0,148.0,151.0,157.0,159.0,165.0,164.0,159.0,151.0,154.0,166.0,174.0,163.0,150.0,148.0,131.0,129.0,124.0,122.0,125.0,113.0,108.0,99.0,102.0,110.0,104.0,105.0,106.0,104.0,100.0,106.0,115.0,109.0,109.0,105.0,96.0,95.0,110.0,112.0,101.0,105.0,102.0,94.0,84.0,88.0,92.0,100.0,93.0,74.0,79.0,83.0,84.0,88.0,107.0,107.0,108.0,109.0,123.0,130.0,140.0,147.0,136.0,144.0,138.0,132.0,139.0,168.0,175.0,180.0,189.0,205.0,202.0,220.0,237.0,254.0,261.0,270.0,288.0,281.0,189.0,311.0,319.0,308.0,305.0,289.0,276.0,281.0,296.0,278.0,276.0,273.0,255.0,224.0,226.0,232.0,217.0,202.0,180.0,155.0,131.0,128.0,127.0,107.0,94.0,87.0,83.0,75.0,75.0,76.0,78.0,77.0,67.0,59.0,58.0,53.0,53.0,52.0,49.0,46.0,43.0,44.0,44.0,44.0,44.0,43.0,37.0,34.0,30.0,29.0,30.0,28.0,24.0,26.0,31.0,27.0,28.0,28.0,24.0,22.0,20.0,18.0,17.0,18.0,18.0,17.0,20.0,19.0,19.0,18.0,22.0,25.0,24.0,27.0,29.0,18.0,22.0,24.0,25.0,25.0,24.0,26.0,25.0,24.0,25.0,24.0,23.0,25.0,27.0,24.0,23.0,22.0,21.0,18.0,19.0,16.0,15.0,15.0,18.0,25.0,26.0,25.0,20.0,18.0,16.0,17.0,20.0
3,97.0,86.0,90.0,91.0,130.0,124.0,119.0,121.0,121.0,121.0,120.0,141.0,153.0,158.0,171.0,168.0,156.0,157.0,168.0,168.0,169.0,167.0,178.0,165.0,165.0,174.0,190.0,179.0,169.0,176.0,170.0,170.0,378.0,204.0,199.0,198.0,186.0,179.0,179.0,202.0,166.0,170.0,166.0,156.0,157.0,157.0,156.0,136.0,156.0,128.0,162.0,175.0,168.0,154.0,222.0,212.0,219.0,236.0,220.0,221.0,261.0,270.0,270.0,276.0,295.0,305.0,317.0,366.0,380.0,394.0,398.0,426.0,430.0,429.0,509.0,496.0,514.0,509.0,534.0,525.0,528.0,614.0,598.0,588.0,578.0,584.0,549.0,548.0,613.0,632.0,617.0,627.0,600.0,552.0,555.0,579.0,533.0,497.0,476.0,462.0,430.0,431.0,449.0,451.0,450.0,433.0,401.0,374.0,373.0,371.0,307.0,379.0,361.0,339.0,317.0,319.0,353.0,370.0,384.0,377.0,385.0,398.0,395.0,425.0,444.0,446.0,462.0,466.0,483.0,486.0,592.0,619.0,612.0,627.0,606.0,697.0,614.0,787.0,829.0,835.0,900.0,971.0,970.0,980.0,1201.0,1243.0,1332.0,1392.0,1443.0,1541.0,1557.0,1872.0,1947.0,2009.0,2058.0,2086.0,2084.0,2105.0,2213.0,2284.0,2192.0,2187.0,2148.0,2115.0,2106.0,2193.0,2088.0,1890.0,1811.0,1786.0,1657.0,1654.0,1639.0,1511.0,1430.0,1294.0,1175.0,1099.0,1096.0,1019.0,954.0,839.0,768.0,715.0,624.0,625.0,608.0,552.0,491.0,464.0,439.0,416.0,415.0,407.0,367.0,337.0,298.0,278.0,261.0,260.0,242.0,213.0,188.0,185.0,159.0,161.0,163.0,155.0,144.0,130.0,115.0,118.0,102.0,102.0,111.0,119.0,114.0,108.0,103.0,99.0,99.0,103.0,98.0,95.0,96.0,94.0,96.0,95.0,92.0,94.0,100.0,95.0,87.0,81.0,81.0,77.0,76.0,78.0,71.0,72.0,67.0,68.0,82.0,75.0,82.0,86.0,78.0,71.0,70.0,80.0,72.0,75.0,71.0,63.0,60.0,59.0,61.0,56.0,54.0,53.0,53.0,49.0,45.0,57.0
4,82.0,75.0,73.0,73.0,83.0,88.0,91.0,95.0,100.0,96.0,97.0,116.0,118.0,113.0,107.0,102.0,85.0,85.0,43.0,89.0,81.0,68.0,68.0,69.0,69.0,80.0,78.0,71.0,63.0,54.0,48.0,48.0,29.0,45.0,47.0,48.0,51.0,43.0,42.0,50.0,45.0,48.0,44.0,43.0,43.0,43.0,41.0,40.0,37.0,38.0,36.0,40.0,41.0,41.0,59.0,59.0,57.0,54.0,53.0,53.0,60.0,64.0,58.0,55.0,68.0,73.0,71.0,68.0,67.0,66.0,70.0,82.0,85.0,86.0,96.0,96.0,107.0,112.0,106.0,113.0,113.0,131.0,128.0,130.0,130.0,122.0,122.0,124.0,131.0,134.0,125.0,125.0,126.0,124.0,128.0,135.0,144.0,141.0,136.0,131.0,122.0,124.0,135.0,137.0,136.0,127.0,111.0,92.0,91.0,102.0,103.0,118.0,122.0,112.0,111.0,112.0,111.0,107.0,114.0,105.0,102.0,99.0,99.0,102.0,96.0,94.0,97.0,96.0,96.0,31.0,99.0,91.0,84.0,72.0,71.0,83.0,85.0,94.0,99.0,97.0,108.0,120.0,124.0,123.0,137.0,151.0,135.0,165.0,173.0,185.0,185.0,215.0,252.0,266.0,293.0,311.0,325.0,326.0,372.0,390.0,392.0,403.0,419.0,416.0,413.0,451.0,463.0,465.0,450.0,432.0,414.0,414.0,439.0,413.0,391.0,371.0,358.0,350.0,350.0,331.0,319.0,286.0,267.0,244.0,238.0,236.0,245.0,241.0,225.0,216.0,206.0,189.0,189.0,197.0,196.0,178.0,155.0,163.0,154.0,154.0,158.0,149.0,140.0,134.0,124.0,116.0,116.0,142.0,143.0,146.0,138.0,131.0,130.0,130.0,137.0,138.0,134.0,130.0,147.0,134.0,134.0,141.0,144.0,127.0,123.0,124.0,137.0,137.0,152.0,151.0,145.0,143.0,136.0,141.0,142.0,160.0,157.0,152.0,156.0,144.0,129.0,135.0,138.0,128.0,126.0,115.0,112.0,114.0,115.0,133.0,131.0,120.0,125.0,120.0,112.0,111.0,116.0,112.0,104.0,97.0,95.0,91.0,90.0,92.0
5,15.0,15.0,18.0,18.0,26.0,30.0,34.0,31.0,32.0,37.0,37.0,39.0,32.0,28.0,29.0,28.0,29.0,29.0,38.0,39.0,39.0,36.0,37.0,37.0,37.0,32.0,37.0,31.0,34.0,33.0,37.0,37.0,45.0,46.0,46.0,45.0,46.0,49.0,49.0,56.0,50.0,48.0,51.0,50.0,47.0,47.0,46.0,44.0,42.0,45.0,41.0,41.0,41.0,43.0,45.0,41.0,43.0,48.0,44.0,44.0,48.0,45.0,44.0,54.0,52.0,49.0,49.0,51.0,61.0,58.0,53.0,61.0,67.0,67.0,78.0,78.0,81.0,75.0,78.0,92.0,92.0,95.0,90.0,83.0,83.0,91.0,93.0,93.0,94.0,88.0,86.0,83.0,79.0,70.0,70.0,72.0,68.0,65.0,55.0,56.0,60.0,60.0,58.0,53.0,57.0,56.0,51.0,42.0,42.0,42.0,40.0,40.0,42.0,41.0,37.0,37.0,37.0,34.0,33.0,30.0,32.0,27.0,27.0,27.0,28.0,27.0,23.0,23.0,21.0,21.0,19.0,17.0,17.0,19.0,19.0,18.0,18.0,23.0,22.0,25.0,27.0,27.0,32.0,32.0,39.0,41.0,49.0,51.0,59.0,71.0,71.0,85.0,105.0,117.0,124.0,128.0,138.0,138.0,144.0,156.0,161.0,168.0,166.0,159.0,159.0,164.0,162.0,155.0,154.0,151.0,140.0,140.0,150.0,140.0,138.0,129.0,123.0,104.0,104.0,102.0,87.0,76.0,75.0,70.0,64.0,64.0,62.0,62.0,58.0,54.0,44.0,38.0,38.0,41.0,35.0,34.0,34.0,34.0,34.0,34.0,34.0,31.0,33.0,28.0,26.0,22.0,22.0,22.0,22.0,18.0,16.0,14.0,13.0,13.0,13.0,16.0,18.0,18.0,17.0,16.0,16.0,15.0,13.0,15.0,14.0,15.0,14.0,14.0,14.0,16.0,19.0,16.0,19.0,17.0,17.0,20.0,18.0,18.0,17.0,18.0,16.0,16.0,18.0,17.0,22.0,22.0,20.0,21.0,21.0,24.0,23.0,22.0,23.0,20.0,18.0,18.0,21.0,23.0,22.0,24.0,20.0,21.0,21.0,21.0
6,33.0,23.0,23.0,23.0,28.0,31.0,29.0,29.0,34.0,33.0,29.0,29.0,35.0,33.0,35.0,36.0,36.0,38.0,48.0,48.0,48.0,48.0,62.0,56.0,56.0,70.0,72.0,77.0,76.0,76.0,86.0,86.0,103.0,106.0,106.0,116.0,120.0,159.0,159.0,136.0,129.0,123.0,122.0,109.0,99.0,100.0,106.0,101.0,104.0,98.0,92.0,103.0,100.0,108.0,113.0,106.0,109.0,113.0,108.0,111.0,125.0,137.0,149.0,155.0,112.0,182.0,182.0,220.0,213.0,228.0,225.0,227.0,222.0,213.0,237.0,262.0,282.0,281.0,278.0,275.0,275.0,285.0,296.0,279.0,252.0,249.0,217.0,208.0,226.0,219.0,227.0,213.0,217.0,201.0,197.0,199.0,183.0,173.0,163.0,143.0,141.0,136.0,190.0,130.0,93.0,108.0,95.0,86.0,76.0,82.0,79.0,101.0,97.0,95.0,80.0,80.0,87.0,89.0,83.0,85.0,81.0,69.0,68.0,85.0,87.0,92.0,85.0,85.0,104.0,106.0,117.0,119.0,113.0,109.0,114.0,140.0,140.0,174.0,189.0,183.0,216.0,235.0,234.0,240.0,289.0,298.0,314.0,321.0,344.0,351.0,366.0,432.0,470.0,476.0,506.0,492.0,444.0,444.0,507.0,498.0,460.0,474.0,464.0,435.0,416.0,425.0,427.0,406.0,372.0,348.0,294.0,292.0,279.0,251.0,234.0,205.0,189.0,160.0,160.0,165.0,148.0,144.0,133.0,123.0,110.0,110.0,111.0,107.0,89.0,70.0,65.0,55.0,55.0,52.0,52.0,36.0,33.0,30.0,25.0,25.0,30.0,28.0,26.0,29.0,27.0,25.0,24.0,26.0,24.0,22.0,24.0,22.0,21.0,21.0,26.0,28.0,28.0,26.0,27.0,28.0,28.0,33.0,35.0,33.0,34.0,36.0,41.0,44.0,49.0,49.0,51.0,51.0,50.0,51.0,51.0,62.0,63.0,56.0,56.0,52.0,50.0,50.0,54.0,55.0,57.0,53.0,51.0,44.0,44.0,44.0,47.0,44.0,38.0,26.0,22.0,28.0,29.0,27.0,23.0,24.0,24.0,27.0,26.0,34.0
7,196.0,194.0,211.0,211.0,259.0,277.0,291.0,286.0,296.0,280.0,282.0,343.0,344.0,342.0,363.0,364.0,336.0,336.0,402.0,409.0,405.0,383.0,384.0,380.0,379.0,395.0,388.0,376.0,360.0,346.0,370.0,375.0,394.0,372.0,333.0,510.0,325.0,312.0,316.0,333.0,312.0,291.0,284.0,277.0,262.0,259.0,246.0,253.0,239.0,222.0,218.0,193.0,194.0,207.0,232.0,218.0,196.0,171.0,184.0,184.0,190.0,198.0,184.0,329.0,191.0,185.0,186.0,204.0,199.0,197.0,209.0,193.0,196.0,198.0,220.0,214.0,229.0,233.0,234.0,238.0,243.0,266.0,257.0,246.0,263.0,258.0,253.0,256.0,268.0,292.0,280.0,277.0,273.0,267.0,266.0,279.0,267.0,264.0,257.0,249.0,251.0,248.0,250.0,250.0,232.0,222.0,206.0,197.0,192.0,197.0,200.0,222.0,230.0,236.0,229.0,237.0,261.0,288.0,308.0,299.0,288.0,301.0,312.0,348.0,358.0,354.0,353.0,346.0,336.0,313.0,405.0,416.0,417.0,404.0,398.0,403.0,405.0,427.0,438.0,436.0,441.0,442.0,439.0,442.0,487.0,482.0,477.0,475.0,488.0,501.0,508.0,555.0,561.0,560.0,567.0,560.0,546.0,559.0,584.0,579.0,557.0,559.0,571.0,548.0,546.0,564.0,545.0,537.0,511.0,469.0,440.0,439.0,436.0,402.0,374.0,357.0,330.0,300.0,300.0,296.0,283.0,263.0,243.0,242.0,215.0,215.0,218.0,206.0,190.0,187.0,174.0,153.0,153.0,152.0,154.0,143.0,131.0,118.0,121.0,121.0,113.0,114.0,111.0,83.0,103.0,96.0,95.0,93.0,85.0,86.0,86.0,80.0,77.0,77.0,77.0,82.0,76.0,73.0,78.0,70.0,70.0,74.0,69.0,71.0,66.0,67.0,67.0,67.0,67.0,70.0,67.0,60.0,63.0,59.0,58.0,63.0,62.0,58.0,55.0,58.0,55.0,55.0,64.0,60.0,57.0,60.0,59.0,51.0,51.0,58.0,55.0,57.0,60.0,62.0,65.0,65.0,72.0,65.0,61.0,59.0,58.0,57.0,57.0,63.0
8,796.0,801.0,779.0,773.0,815.0,824.0,817.0,812.0,901.0,849.0,850.0,903.0,841.0,833.0,832.0,799.0,817.0,817.0,814.0,858.0,859.0,859.0,861.0,860.0,859.0,952.0,1150.0,971.0,1045.0,975.0,950.0,951.0,998.0,1070.0,1029.0,1007.0,1069.0,1068.0,1064.0,1044.0,1098.0,1101.0,1326.0,1087.0,1052.0,1006.0,1119.0,1137.0,1101.0,1292.0,1154.0,1165.0,1145.0,1187.0,1345.0,1427.0,1477.0,1521.0,1545.0,1545.0,1785.0,1909.0,1974.0,2091.0,2167.0,2222.0,2273.0,2583.0,2798.0,2862.0,3008.0,3146.0,3045.0,3053.0,3403.0,3313.0,3392.0,3413.0,3487.0,3366.0,3367.0,3660.0,3467.0,3451.0,3341.0,3256.0,3128.0,3101.0,3238.0,3125.0,3046.0,2920.0,2787.0,2598.0,2599.0,2750.0,2533.0,2395.0,2340.0,2171.0,2103.0,2100.0,2179.0,2324.0,2083.0,1976.0,1913.0,1823.0,1817.0,1862.0,1844.0,1927.0,1842.0,1843.0,1820.0,1833.0,1982.0,2019.0,1894.0,1959.0,1898.0,1889.0,1891.0,2046.0,2016.0,2094.0,1965.0,1957.0,1962.0,1976.0,2159.0,2192.0,2319.0,2271.0,2264.0,2356.0,2364.0,2598.0,2643.0,2639.0,2751.0,2813.0,2781.0,2791.0,2984.0,3069.0,3170.0,3192.0,3268.0,3290.0,3271.0,3615.0,3683.0,3786.0,3830.0,3910.0,3944.0,3950.0,4158.0,4203.0,4124.0,4068.0,4078.0,4001.0,4007.0,4101.0,4012.0,3897.0,3805.0,3641.0,3455.0,3420.0,3502.0,3359.0,3208.0,3045.0,2903.0,2759.0,2764.0,2843.0,2718.0,2572.0,2485.0,2420.0,2296.0,2294.0,2308.0,2182.0,2105.0,1982.0,1915.0,1809.0,1813.0,1920.0,1843.0,1753.0,1717.0,1672.0,1687.0,1631.0,1715.0,1660.0,1655.0,1585.0,1541.0,1509.0,1513.0,1917.0,1551.0,1497.0,1462.0,1475.0,1425.0,1423.0,1503.0,1514.0,1507.0,1494.0,1528.0,1474.0,1476.0,1620.0,1635.0,1614.0,1589.0,1575.0,1638.0,1599.0,1621.0,1861.0,1879.0,1820.0,1789.0,1742.0,1749.0,1879.0,1851.0,1767.0,1695.0,1721.0,1651.0,1653.0,1728.0,1714.0,1627.0,1606.0,1588.0,1533.0,1533.0,1603.0,1579.0,1539.0,1499.0,1477.0,1402.0,1427.0,1480.0,1450.0,1383.0,1354.0,1268.0,1212.0,1204.0,1207.0
9,35.0,32.0,33.0,33.0,39.0,43.0,42.0,45.0,45.0,43.0,43.0,45.0,45.0,44.0,41.0,43.0,45.0,45.0,51.0,52.0,61.0,67.0,65.0,67.0,67.0,78.0,70.0,87.0,87.0,86.0,82.0,84.0,94.0,101.0,91.0,105.0,107.0,99.0,99.0,118.0,111.0,113.0,114.0,112.0,101.0,101.0,107.0,107.0,109.0,116.0,114.0,108.0,108.0,112.0,115.0,118.0,107.0,112.0,126.0,126.0,147.0,150.0,155.0,160.0,180.0,179.0,179.0,202.0,212.0,213.0,222.0,239.0,251.0,251.0,251.0,280.0,287.0,305.0,320.0,316.0,316.0,366.0,384.0,374.0,360.0,340.0,326.0,326.0,321.0,326.0,321.0,328.0,315.0,288.0,288.0,291.0,278.0,261.0,249.0,245.0,248.0,248.0,247.0,234.0,233.0,229.0,234.0,221.0,221.0,224.0,224.0,224.0,226.0,231.0,234.0,216.0,203.0,198.0,200.0,183.0,173.0,153.0,153.0,157.0,156.0,138.0,128.0,128.0,134.0,125.0,125.0,135.0,131.0,127.0,126.0,119.0,119.0,114.0,98.0,98.0,88.0,86.0,77.0,77.0,83.0,85.0,91.0,91.0,94.0,95.0,95.0,106.0,115.0,116.0,125.0,134.0,138.0,138.0,161.0,164.0,162.0,164.0,167.0,167.0,167.0,177.0,169.0,165.0,163.0,158.0,145.0,145.0,149.0,153.0,144.0,145.0,143.0,137.0,137.0,142.0,136.0,128.0,124.0,120.0,102.0,102.0,114.0,113.0,110.0,93.0,90.0,78.0,78.0,87.0,82.0,72.0,76.0,85.0,88.0,88.0,93.0,96.0,90.0,88.0,90.0,80.0,80.0,85.0,79.0,76.0,75.0,67.0,63.0,63.0,58.0,60.0,72.0,80.0,68.0,71.0,71.0,79.0,85.0,87.0,88.0,88.0,97.0,97.0,105.0,106.0,110.0,115.0,123.0,108.0,108.0,106.0,109.0,109.0,99.0,99.0,95.0,95.0,84.0,86.0,90.0,91.0,91.0,97.0,97.0,104.0,101.0,96.0,104.0,97.0,97.0,97.0,100.0,95.0,97.0,97.0,90.0,90.0,90.0,93.0
10,11.0,14.0,14.0,14.0,16.0,18.0,18.0,16.0,17.0,17.0,17.0,19.0,20.0,19.0,22.0,19.0,16.0,16.0,18.0,21.0,28.0,36.0,40.0,44.0,44.0,62.0,55.0,61.0,64.0,64.0,68.0,68.0,74.0,78.0,75.0,82.0,87.0,91.0,92.0,95.0,91.0,82.0,82.0,79.0,73.0,73.0,85.0,69.0,69.0,62.0,62.0,59.0,63.0,67.0,68.0,74.0,71.0,74.0,63.0,67.0,76.0,76.0,70.0,72.0,72.0,76.0,77.0,87.0,91.0,95.0,96.0,94.0,93.0,99.0,119.0,126.0,125.0,125.0,132.0,130.0,132.0,138.0,137.0,137.0,126.0,122.0,114.0,112.0,121.0,114.0,114.0,108.0,110.0,102.0,108.0,116.0,116.0,111.0,110.0,106.0,97.0,96.0,110.0,106.0,99.0,91.0,96.0,74.0,75.0,80.0,83.0,89.0,85.0,83.0,78.0,78.0,88.0,82.0,82.0,87.0,97.0,94.0,94.0,107.0,106.0,113.0,108.0,110.0,120.0,118.0,121.0,133.0,121.0,111.0,114.0,124.0,125.0,147.0,153.0,153.0,161.0,161.0,158.0,158.0,167.0,174.0,163.0,159.0,161.0,149.0,153.0,183.0,194.0,185.0,194.0,198.0,205.0,206.0,223.0,211.0,212.0,210.0,205.0,182.0,182.0,196.0,181.0,170.0,172.0,163.0,143.0,143.0,136.0,123.0,122.0,110.0,100.0,89.0,90.0,92.0,85.0,77.0,66.0,62.0,53.0,53.0,53.0,41.0,40.0,37.0,32.0,26.0,27.0,26.0,22.0,23.0,22.0,25.0,21.0,21.0,19.0,17.0,11.0,11.0,12.0,11.0,11.0,13.0,11.0,9.0,13.0,14.0,14.0,14.0,18.0,14.0,15.0,20.0,25.0,28.0,29.0,32.0,35.0,32.0,27.0,26.0,29.0,28.0,30.0,27.0,33.0,31.0,38.0,30.0,33.0,38.0,37.0,32.0,33.0,31.0,33.0,33.0,35.0,34.0,34.0,32.0,34.0,32.0,33.0,38.0,33.0,30.0,33.0,31.0,28.0,28.0,29.0,29.0,27.0,26.0,24.0,23.0,25.0,25.0
11,37.0,41.0,45.0,45.0,49.0,52.0,69.0,62.0,68.0,75.0,79.0,88.0,93.0,103.0,101.0,109.0,112.0,115.0,132.0,142.0,151.0,149.0,154.0,152.0,144.0,170.0,166.0,161.0,171.0,174.0,177.0,204.0,190.0,174.0,162.0,173.0,180.0,172.0,177.0,178.0,166.0,162.0,151.0,160.0,154.0,153.0,156.0,155.0,149.0,151.0,155.0,153.0,155.0,161.0,166.0,165.0,165.0,182.0,174.0,170.0,186.0,190.0,202.0,204.0,213.0,221.0,224.0,233.0,237.0,234.0,234.0,252.0,259.0,259.0,258.0,304.0,301.0,296.0,303.0,320.0,331.0,346.0,349.0,343.0,364.0,347.0,353.0,349.0,382.0,395.0,372.0,386.0,380.0,363.0,363.0,391.0,378.0,393.0,339.0,333.0,310.0,308.0,325.0,313.0,313.0,288.0,289.0,259.0,257.0,260.0,218.0,282.0,280.0,248.0,233.0,236.0,249.0,264.0,245.0,251.0,223.0,221.0,220.0,228.0,208.0,185.0,160.0,164.0,168.0,136.0,186.0,181.0,140.0,154.0,156.0,171.0,147.0,202.0,205.0,212.0,239.0,246.0,248.0,255.0,289.0,308.0,346.0,372.0,433.0,446.0,455.0,543.0,575.0,614.0,671.0,639.0,707.0,713.0,811.0,721.0,847.0,878.0,879.0,882.0,877.0,950.0,934.0,946.0,888.0,853.0,825.0,817.0,845.0,823.0,741.0,682.0,646.0,592.0,593.0,574.0,547.0,511.0,478.0,443.0,394.0,393.0,388.0,343.0,322.0,307.0,297.0,264.0,260.0,261.0,255.0,228.0,207.0,183.0,162.0,162.0,166.0,160.0,148.0,140.0,138.0,130.0,133.0,136.0,135.0,127.0,128.0,124.0,114.0,115.0,125.0,122.0,118.0,113.0,112.0,111.0,111.0,120.0,111.0,109.0,108.0,111.0,120.0,121.0,139.0,148.0,148.0,154.0,146.0,140.0,143.0,151.0,135.0,142.0,129.0,130.0,138.0,140.0,158.0,156.0,146.0,137.0,137.0,130.0,129.0,146.0,146.0,137.0,138.0,135.0,125.0,124.0,131.0,126.0,121.0,116.0,113.0,110.0,108.0,112.0
12,9.0,13.0,12.0,12.0,18.0,23.0,32.0,32.0,79.0,80.0,80.0,34.0,33.0,44.0,42.0,48.0,47.0,48.0,53.0,53.0,47.0,47.0,49.0,50.0,50.0,61.0,58.0,49.0,59.0,63.0,60.0,60.0,64.0,69.0,61.0,65.0,98.0,68.0,67.0,68.0,62.0,63.0,64.0,63.0,62.0,62.0,66.0,64.0,59.0,55.0,56.0,56.0,56.0,30.0,69.0,64.0,58.0,60.0,63.0,66.0,69.0,68.0,71.0,79.0,83.0,88.0,88.0,101.0,100.0,107.0,110.0,115.0,108.0,108.0,119.0,117.0,124.0,117.0,117.0,125.0,125.0,133.0,131.0,135.0,140.0,141.0,144.0,144.0,145.0,147.0,153.0,150.0,138.0,126.0,126.0,130.0,113.0,111.0,121.0,121.0,121.0,121.0,119.0,121.0,110.0,112.0,115.0,109.0,109.0,115.0,115.0,115.0,117.0,114.0,105.0,105.0,101.0,113.0,111.0,119.0,106.0,111.0,111.0,131.0,132.0,129.0,131.0,131.0,147.0,147.0,163.0,162.0,165.0,164.0,164.0,163.0,163.0,180.0,170.0,175.0,188.0,206.0,206.0,210.0,245.0,241.0,245.0,255.0,262.0,268.0,268.0,348.0,376.0,390.0,407.0,420.0,441.0,448.0,477.0,502.0,499.0,477.0,477.0,468.0,455.0,476.0,463.0,449.0,432.0,428.0,387.0,387.0,368.0,349.0,316.0,291.0,273.0,260.0,260.0,264.0,240.0,232.0,199.0,175.0,157.0,157.0,162.0,137.0,130.0,121.0,116.0,102.0,102.0,112.0,107.0,96.0,79.0,71.0,62.0,62.0,56.0,53.0,49.0,45.0,40.0,32.0,32.0,36.0,32.0,30.0,27.0,26.0,19.0,19.0,24.0,18.0,23.0,25.0,21.0,17.0,17.0,20.0,19.0,18.0,18.0,18.0,25.0,25.0,26.0,23.0,24.0,21.0,20.0,19.0,19.0,20.0,23.0,22.0,23.0,26.0,30.0,30.0,38.0,34.0,33.0,34.0,33.0,37.0,37.0,40.0,40.0,47.0,52.0,49.0,47.0,47.0,47.0,50.0,45.0,45.0,42.0,34.0,34.0,33.0
13,22.0,23.0,25.0,25.0,32.0,31.0,32.0,36.0,40.0,46.0,46.0,52.0,54.0,57.0,56.0,59.0,66.0,66.0,86.0,85.0,87.0,97.0,96.0,105.0,105.0,130.0,133.0,140.0,157.0,161.0,155.0,155.0,166.0,170.0,157.0,169.0,165.0,146.0,146.0,153.0,137.0,133.0,127.0,118.0,115.0,115.0,130.0,121.0,112.0,110.0,108.0,100.0,100.0,105.0,101.0,99.0,102.0,100.0,91.0,91.0,93.0,86.0,83.0,81.0,84.0,86.0,85.0,102.0,102.0,111.0,116.0,122.0,133.0,140.0,144.0,150.0,151.0,147.0,150.0,149.0,148.0,165.0,170.0,156.0,140.0,139.0,127.0,126.0,142.0,150.0,146.0,135.0,141.0,131.0,133.0,139.0,134.0,132.0,128.0,128.0,139.0,138.0,154.0,146.0,142.0,143.0,135.0,125.0,124.0,121.0,124.0,120.0,120.0,117.0,106.0,104.0,117.0,117.0,111.0,109.0,110.0,103.0,103.0,155.0,123.0,120.0,114.0,123.0,138.0,137.0,155.0,165.0,161.0,154.0,166.0,175.0,176.0,201.0,206.0,217.0,229.0,247.0,245.0,245.0,281.0,295.0,307.0,345.0,365.0,387.0,389.0,453.0,481.0,466.0,501.0,498.0,468.0,473.0,525.0,523.0,514.0,502.0,502.0,486.0,487.0,502.0,471.0,443.0,407.0,388.0,353.0,355.0,350.0,322.0,298.0,285.0,258.0,235.0,236.0,237.0,206.0,191.0,172.0,149.0,126.0,124.0,118.0,106.0,90.0,77.0,75.0,65.0,65.0,63.0,58.0,49.0,49.0,46.0,43.0,43.0,43.0,41.0,41.0,43.0,45.0,44.0,44.0,42.0,36.0,36.0,37.0,34.0,34.0,34.0,32.0,30.0,32.0,35.0,31.0,34.0,35.0,37.0,37.0,39.0,39.0,39.0,47.0,45.0,62.0,62.0,55.0,59.0,63.0,59.0,59.0,69.0,71.0,74.0,77.0,74.0,77.0,77.0,89.0,94.0,94.0,94.0,94.0,91.0,91.0,98.0,103.0,101.0,94.0,95.0,90.0,90.0,106.0,99.0,94.0,85.0,81.0,73.0,73.0,73.0
14,29.0,28.0,33.0,32.0,40.0,39.0,42.0,54.0,60.0,57.0,59.0,54.0,64.0,81.0,87.0,93.0,84.0,87.0,100.0,92.0,90.0,96.0,98.0,95.0,92.0,110.0,117.0,114.0,121.0,133.0,145.0,146.0,149.0,140.0,146.0,150.0,148.0,154.0,155.0,162.0,172.0,170.0,142.0,142.0,144.0,140.0,158.0,158.0,161.0,143.0,163.0,161.0,159.0,161.0,164.0,157.0,146.0,155.0,144.0,146.0,172.0,177.0,176.0,187.0,207.0,196.0,202.0,238.0,229.0,236.0,246.0,252.0,267.0,267.0,266.0,362.0,339.0,329.0,324.0,295.0,295.0,341.0,328.0,325.0,325.0,318.0,319.0,321.0,337.0,325.0,308.0,303.0,299.0,268.0,272.0,282.0,257.0,247.0,236.0,219.0,201.0,200.0,197.0,187.0,183.0,181.0,170.0,150.0,143.0,140.0,144.0,105.0,130.0,123.0,119.0,115.0,125.0,121.0,117.0,119.0,111.0,100.0,100.0,115.0,120.0,120.0,108.0,108.0,111.0,110.0,113.0,121.0,121.0,118.0,115.0,106.0,107.0,118.0,127.0,130.0,127.0,144.0,153.0,155.0,182.0,202.0,198.0,196.0,196.0,212.0,212.0,263.0,269.0,285.0,304.0,335.0,392.0,391.0,366.0,381.0,382.0,396.0,409.0,412.0,413.0,453.0,438.0,436.0,415.0,409.0,385.0,385.0,394.0,376.0,346.0,336.0,325.0,306.0,303.0,318.0,279.0,256.0,251.0,232.0,200.0,198.0,197.0,191.0,180.0,165.0,153.0,141.0,138.0,141.0,137.0,141.0,145.0,132.0,123.0,124.0,127.0,124.0,126.0,110.0,112.0,101.0,100.0,101.0,100.0,99.0,104.0,105.0,93.0,93.0,95.0,87.0,83.0,84.0,78.0,85.0,85.0,94.0,105.0,112.0,113.0,110.0,114.0,116.0,120.0,125.0,117.0,125.0,130.0,122.0,121.0,131.0,137.0,142.0,140.0,147.0,126.0,128.0,148.0,137.0,140.0,125.0,121.0,114.0,114.0,115.0,113.0,122.0,123.0,118.0,113.0,113.0,120.0,113.0,118.0,116.0,115.0,114.0,113.0,126.0
15,63.0,62.0,56.0,56.0,66.0,71.0,77.0,79.0,88.0,94.0,87.0,87.0,91.0,94.0,96.0,96.0,94.0,94.0,98.0,90.0,86.0,90.0,95.0,105.0,106.0,114.0,111.0,102.0,106.0,102.0,94.0,94.0,104.0,100.0,93.0,100.0,102.0,97.0,97.0,99.0,96.0,88.0,87.0,85.0,82.0,82.0,92.0,82.0,80.0,84.0,90.0,81.0,81.0,81.0,97.0,93.0,91.0,98.0,92.0,92.0,121.0,121.0,133.0,145.0,154.0,180.0,179.0,207.0,215.0,215.0,222.0,223.0,214.0,211.0,255.0,289.0,261.0,271.0,278.0,250.0,250.0,268.0,274.0,264.0,264.0,260.0,254.0,255.0,281.0,273.0,262.0,257.0,257.0,255.0,255.0,243.0,240.0,236.0,229.0,208.0,198.0,198.0,194.0,185.0,183.0,176.0,172.0,170.0,170.0,175.0,175.0,155.0,138.0,137.0,140.0,140.0,158.0,159.0,147.0,146.0,147.0,139.0,139.0,154.0,153.0,149.0,145.0,145.0,143.0,150.0,174.0,178.0,176.0,177.0,177.0,188.0,194.0,218.0,223.0,221.0,230.0,223.0,228.0,224.0,269.0,275.0,314.0,316.0,347.0,339.0,339.0,444.0,454.0,467.0,493.0,531.0,530.0,530.0,617.0,657.0,679.0,706.0,721.0,723.0,723.0,789.0,760.0,738.0,721.0,729.0,694.0,695.0,713.0,667.0,614.0,553.0,525.0,491.0,492.0,512.0,497.0,462.0,426.0,402.0,345.0,344.0,357.0,311.0,307.0,298.0,272.0,249.0,249.0,256.0,226.0,209.0,209.0,201.0,196.0,196.0,206.0,186.0,181.0,171.0,161.0,156.0,156.0,143.0,147.0,151.0,133.0,131.0,130.0,130.0,129.0,123.0,115.0,104.0,98.0,85.0,85.0,89.0,91.0,84.0,84.0,84.0,89.0,89.0,90.0,86.0,79.0,74.0,72.0,71.0,72.0,90.0,85.0,83.0,80.0,86.0,82.0,78.0,93.0,96.0,95.0,94.0,89.0,87.0,87.0,90.0,89.0,89.0,90.0,95.0,93.0,92.0,98.0,88.0,88.0,84.0,74.0,73.0,73.0,79.0
16,4.0,5.0,6.0,6.0,7.0,11.0,12.0,11.0,11.0,13.0,13.0,14.0,16.0,16.0,19.0,19.0,20.0,20.0,21.0,19.0,18.0,21.0,23.0,22.0,22.0,25.0,24.0,27.0,28.0,27.0,28.0,25.0,27.0,24.0,25.0,27.0,29.0,33.0,33.0,37.0,36.0,43.0,40.0,43.0,43.0,43.0,48.0,50.0,40.0,30.0,41.0,32.0,32.0,36.0,44.0,38.0,39.0,37.0,35.0,35.0,39.0,39.0,37.0,38.0,43.0,41.0,41.0,49.0,47.0,42.0,38.0,44.0,44.0,44.0,53.0,53.0,54.0,54.0,55.0,55.0,55.0,62.0,64.0,68.0,72.0,76.0,78.0,78.0,87.0,71.0,74.0,68.0,66.0,52.0,52.0,56.0,44.0,46.0,42.0,43.0,37.0,37.0,37.0,35.0,37.0,37.0,36.0,35.0,35.0,37.0,37.0,27.0,27.0,27.0,26.0,26.0,22.0,20.0,16.0,17.0,16.0,16.0,16.0,19.0,22.0,22.0,16.0,16.0,19.0,19.0,21.0,24.0,23.0,24.0,24.0,24.0,24.0,32.0,34.0,34.0,33.0,28.0,26.0,26.0,36.0,43.0,49.0,59.0,72.0,77.0,76.0,96.0,108.0,109.0,112.0,119.0,124.0,124.0,146.0,143.0,146.0,143.0,137.0,126.0,126.0,126.0,130.0,123.0,120.0,111.0,99.0,99.0,100.0,89.0,82.0,69.0,67.0,61.0,61.0,61.0,54.0,44.0,34.0,27.0,22.0,22.0,24.0,22.0,19.0,14.0,15.0,12.0,12.0,13.0,11.0,9.0,11.0,11.0,8.0,8.0,8.0,6.0,5.0,5.0,4.0,3.0,3.0,3.0,3.0,2.0,4.0,3.0,2.0,2.0,3.0,3.0,2.0,3.0,4.0,4.0,4.0,3.0,3.0,3.0,3.0,3.0,6.0,6.0,7.0,8.0,7.0,11.0,11.0,10.0,10.0,10.0,12.0,12.0,9.0,12.0,15.0,15.0,24.0,20.0,21.0,21.0,22.0,23.0,25.0,25.0,22.0,24.0,19.0,15.0,14.0,14.0,16.0,16.0,15.0,15.0,13.0,10.0,9.0,11.0
17,47.0,42.0,37.0,35.0,45.0,55.0,42.0,42.0,48.0,51.0,51.0,53.0,50.0,67.0,51.0,52.0,48.0,48.0,63.0,60.0,64.0,67.0,59.0,68.0,68.0,90.0,78.0,79.0,160.0,82.0,79.0,79.0,96.0,91.0,86.0,93.0,87.0,88.0,88.0,103.0,98.0,96.0,93.0,95.0,96.0,96.0,95.0,97.0,90.0,92.0,175.0,98.0,98.0,93.0,115.0,194.0,125.0,137.0,143.0,143.0,177.0,174.0,191.0,200.0,211.0,231.0,233.0,243.0,266.0,286.0,298.0,321.0,307.0,325.0,347.0,376.0,385.0,390.0,392.0,383.0,389.0,410.0,401.0,392.0,386.0,383.0,375.0,374.0,381.0,369.0,352.0,340.0,321.0,306.0,310.0,332.0,309.0,310.0,307.0,310.0,297.0,315.0,321.0,309.0,294.0,283.0,273.0,260.0,264.0,292.0,291.0,298.0,276.0,310.0,303.0,265.0,283.0,273.0,274.0,273.0,270.0,272.0,277.0,287.0,281.0,276.0,258.0,258.0,262.0,265.0,266.0,276.0,272.0,268.0,271.0,274.0,273.0,293.0,293.0,289.0,286.0,294.0,294.0,289.0,315.0,303.0,302.0,287.0,294.0,298.0,294.0,318.0,305.0,315.0,312.0,326.0,317.0,319.0,317.0,315.0,319.0,306.0,302.0,292.0,292.0,314.0,312.0,303.0,299.0,309.0,308.0,302.0,311.0,296.0,286.0,275.0,280.0,269.0,268.0,291.0,281.0,275.0,263.0,257.0,247.0,256.0,253.0,258.0,238.0,223.0,218.0,202.0,198.0,209.0,193.0,207.0,195.0,183.0,170.0,174.0,181.0,170.0,167.0,161.0,155.0,153.0,161.0,178.0,181.0,181.0,176.0,167.0,162.0,167.0,169.0,156.0,146.0,154.0,146.0,150.0,153.0,154.0,159.0,166.0,157.0,157.0,169.0,176.0,183.0,194.0,195.0,196.0,195.0,190.0,194.0,191.0,189.0,200.0,196.0,188.0,194.0,196.0,198.0,202.0,196.0,194.0,184.0,185.0,190.0,191.0,190.0,181.0,188.0,188.0,190.0,189.0,187.0,194.0,188.0,181.0,170.0,167.0,168.0,173.0
18,30.0,33.0,40.0,39.0,38.0,37.0,41.0,43.0,42.0,45.0,49.0,55.0,62.0,68.0,70.0,70.0,69.0,76.0,84.0,84.0,88.0,93.0,101.0,106.0,109.0,118.0,106.0,118.0,106.0,124.0,130.0,131.0,145.0,141.0,136.0,126.0,142.0,120.0,124.0,133.0,126.0,121.0,117.0,129.0,133.0,132.0,147.0,144.0,153.0,155.0,159.0,158.0,169.0,187.0,221.0,230.0,260.0,266.0,267.0,271.0,326.0,346.0,378.0,412.0,447.0,452.0,490.0,554.0,568.0,580.0,607.0,635.0,649.0,660.0,701.0,789.0,804.0,808.0,812.0,796.0,827.0,898.0,892.0,857.0,833.0,813.0,749.0,758.0,795.0,783.0,742.0,706.0,681.0,642.0,661.0,657.0,658.0,613.0,588.0,551.0,497.0,496.0,487.0,454.0,429.0,403.0,369.0,333.0,327.0,330.0,324.0,326.0,302.0,298.0,268.0,269.0,256.0,232.0,220.0,220.0,226.0,214.0,213.0,224.0,219.0,217.0,193.0,184.0,187.0,191.0,196.0,190.0,176.0,158.0,147.0,155.0,154.0,177.0,185.0,190.0,188.0,193.0,201.0,206.0,239.0,260.0,270.0,299.0,318.0,337.0,341.0,390.0,392.0,398.0,417.0,447.0,472.0,472.0,526.0,557.0,585.0,610.0,612.0,603.0,602.0,668.0,648.0,657.0,646.0,647.0,604.0,610.0,657.0,646.0,608.0,572.0,543.0,494.0,496.0,507.0,478.0,439.0,416.0,388.0,361.0,362.0,382.0,359.0,336.0,322.0,306.0,293.0,294.0,301.0,300.0,288.0,262.0,257.0,238.0,241.0,257.0,270.0,260.0,243.0,245.0,237.0,238.0,249.0,229.0,224.0,223.0,169.0,227.0,226.0,244.0,251.0,232.0,234.0,239.0,239.0,240.0,254.0,257.0,264.0,256.0,260.0,281.0,278.0,321.0,312.0,307.0,309.0,310.0,306.0,309.0,356.0,366.0,362.0,363.0,369.0,359.0,357.0,377.0,386.0,370.0,349.0,348.0,331.0,334.0,366.0,355.0,354.0,347.0,334.0,319.0,321.0,358.0,356.0,350.0,338.0,320.0,311.0,310.0,327.0
19,25.0,29.0,31.0,31.0,35.0,35.0,32.0,33.0,35.0,33.0,33.0,33.0,30.0,29.0,33.0,42.0,39.0,39.0,48.0,46.0,49.0,57.0,59.0,58.0,58.0,67.0,70.0,71.0,70.0,63.0,75.0,75.0,75.0,78.0,83.0,77.0,80.0,73.0,73.0,81.0,78.0,81.0,75.0,73.0,80.0,80.0,84.0,82.0,87.0,92.0,93.0,97.0,97.0,104.0,112.0,103.0,113.0,107.0,100.0,100.0,100.0,113.0,111.0,109.0,101.0,94.0,94.0,104.0,102.0,107.0,100.0,101.0,88.0,90.0,95.0,93.0,98.0,91.0,97.0,91.0,92.0,95.0,94.0,87.0,83.0,87.0,76.0,75.0,74.0,76.0,66.0,68.0,66.0,65.0,65.0,70.0,70.0,71.0,71.0,71.0,72.0,74.0,74.0,75.0,71.0,71.0,69.0,66.0,65.0,62.0,63.0,62.0,62.0,62.0,58.0,59.0,58.0,57.0,58.0,49.0,46.0,45.0,45.0,46.0,48.0,46.0,49.0,50.0,55.0,63.0,66.0,69.0,68.0,62.0,58.0,58.0,61.0,70.0,74.0,70.0,72.0,73.0,77.0,82.0,85.0,82.0,78.0,79.0,83.0,80.0,90.0,102.0,101.0,112.0,122.0,129.0,132.0,136.0,148.0,145.0,146.0,144.0,151.0,146.0,147.0,159.0,164.0,167.0,167.0,158.0,139.0,141.0,143.0,140.0,140.0,117.0,122.0,114.0,116.0,116.0,117.0,112.0,109.0,102.0,99.0,101.0,99.0,98.0,91.0,84.0,78.0,70.0,70.0,70.0,70.0,64.0,64.0,61.0,54.0,52.0,58.0,58.0,55.0,55.0,53.0,48.0,48.0,49.0,45.0,45.0,40.0,44.0,48.0,49.0,51.0,42.0,46.0,50.0,51.0,51.0,45.0,51.0,59.0,73.0,76.0,80.0,93.0,99.0,105.0,100.0,99.0,99.0,88.0,88.0,80.0,83.0,81.0,76.0,75.0,79.0,83.0,86.0,95.0,92.0,92.0,92.0,82.0,81.0,86.0,86.0,82.0,81.0,82.0,78.0,70.0,70.0,75.0,73.0,71.0,69.0,69.0,69.0,62.0,64.0
20,47.0,43.0,49.0,49.0,50.0,53.0,62.0,71.0,73.0,80.0,80.0,93.0,89.0,80.0,91.0,102.0,92.0,92.0,120.0,104.0,116.0,123.0,134.0,143.0,142.0,145.0,141.0,139.0,148.0,141.0,137.0,136.0,134.0,119.0,127.0,126.0,122.0,118.0,118.0,124.0,127.0,124.0,118.0,118.0,117.0,119.0,113.0,120.0,128.0,125.0,122.0,119.0,119.0,119.0,133.0,136.0,145.0,139.0,144.0,145.0,157.0,181.0,188.0,202.0,198.0,208.0,207.0,237.0,252.0,244.0,243.0,245.0,257.0,258.0,279.0,273.0,286.0,263.0,275.0,285.0,291.0,308.0,317.0,341.0,315.0,319.0,321.0,329.0,340.0,329.0,328.0,328.0,320.0,316.0,318.0,319.0,315.0,294.0,279.0,276.0,260.0,259.0,267.0,250.0,245.0,228.0,236.0,236.0,235.0,228.0,229.0,230.0,224.0,222.0,199.0,199.0,201.0,191.0,188.0,180.0,173.0,163.0,162.0,166.0,161.0,147.0,133.0,133.0,144.0,144.0,154.0,154.0,159.0,150.0,151.0,144.0,145.0,152.0,145.0,142.0,155.0,169.0,158.0,157.0,171.0,176.0,188.0,197.0,203.0,204.0,204.0,204.0,204.0,204.0,205.0,215.0,220.0,220.0,231.0,232.0,243.0,248.0,241.0,242.0,241.0,250.0,249.0,243.0,239.0,239.0,223.0,220.0,212.0,209.0,201.0,191.0,196.0,200.0,197.0,193.0,179.0,184.0,174.0,173.0,161.0,161.0,155.0,139.0,132.0,138.0,127.0,118.0,119.0,127.0,119.0,118.0,120.0,126.0,108.0,110.0,111.0,112.0,114.0,101.0,102.0,108.0,105.0,114.0,107.0,107.0,106.0,99.0,104.0,104.0,117.0,124.0,122.0,132.0,124.0,129.0,136.0,144.0,146.0,135.0,130.0,129.0,140.0,142.0,140.0,154.0,163.0,167.0,166.0,168.0,167.0,195.0,198.0,200.0,209.0,209.0,217.0,219.0,246.0,256.0,260.0,264.0,264.0,263.0,263.0,281.0,287.0,290.0,287.0,301.0,287.0,284.0,279.0,265.0,253.0,244.0,233.0,208.0,210.0,205.0
21,6.0,7.0,4.0,4.0,4.0,5.0,6.0,8.0,8.0,7.0,7.0,6.0,4.0,5.0,4.0,5.0,4.0,4.0,4.0,8.0,9.0,7.0,6.0,7.0,8.0,9.0,10.0,10.0,10.0,8.0,8.0,8.0,11.0,13.0,14.0,13.0,15.0,13.0,15.0,16.0,18.0,19.0,20.0,23.0,24.0,25.0,30.0,32.0,32.0,37.0,40.0,43.0,45.0,47.0,51.0,51.0,48.0,49.0,46.0,48.0,50.0,57.0,58.0,58.0,61.0,57.0,61.0,69.0,78.0,80.0,96.0,104.0,101.0,99.0,104.0,118.0,123.0,124.0,136.0,144.0,143.0,151.0,154.0,150.0,150.0,141.0,134.0,139.0,142.0,138.0,132.0,127.0,123.0,117.0,121.0,127.0,121.0,128.0,126.0,116.0,115.0,115.0,117.0,115.0,110.0,101.0,99.0,91.0,92.0,98.0,101.0,106.0,104.0,96.0,78.0,79.0,83.0,87.0,73.0,67.0,67.0,58.0,58.0,54.0,50.0,49.0,51.0,51.0,54.0,54.0,51.0,48.0,45.0,35.0,36.0,34.0,34.0,39.0,41.0,41.0,38.0,35.0,41.0,41.0,43.0,54.0,51.0,64.0,75.0,91.0,91.0,118.0,140.0,162.0,180.0,200.0,207.0,207.0,229.0,230.0,241.0,252.0,257.0,254.0,254.0,286.0,303.0,304.0,295.0,279.0,265.0,265.0,275.0,246.0,226.0,207.0,188.0,174.0,174.0,175.0,162.0,146.0,140.0,119.0,98.0,98.0,102.0,90.0,87.0,90.0,84.0,76.0,76.0,79.0,77.0,72.0,66.0,60.0,54.0,54.0,55.0,49.0,46.0,35.0,34.0,29.0,29.0,25.0,26.0,26.0,26.0,24.0,24.0,24.0,32.0,32.0,30.0,34.0,35.0,35.0,35.0,41.0,39.0,42.0,55.0,47.0,47.0,47.0,61.0,64.0,64.0,63.0,60.0,58.0,58.0,70.0,77.0,81.0,82.0,82.0,83.0,83.0,90.0,94.0,93.0,94.0,94.0,80.0,80.0,89.0,82.0,77.0,80.0,72.0,63.0,63.0,71.0,68.0,64.0,64.0,59.0,55.0,55.0,53.0
22,54.0,49.0,54.0,54.0,52.0,52.0,55.0,56.0,53.0,52.0,52.0,59.0,56.0,61.0,55.0,52.0,48.0,48.0,51.0,47.0,48.0,50.0,47.0,47.0,47.0,53.0,53.0,51.0,55.0,54.0,53.0,55.0,56.0,56.0,52.0,52.0,55.0,47.0,47.0,49.0,45.0,45.0,45.0,47.0,46.0,46.0,47.0,45.0,50.0,52.0,56.0,52.0,52.0,57.0,66.0,77.0,77.0,86.0,85.0,85.0,90.0,92.0,93.0,111.0,120.0,115.0,115.0,131.0,142.0,148.0,158.0,168.0,165.0,166.0,168.0,189.0,195.0,187.0,190.0,176.0,176.0,196.0,186.0,187.0,188.0,180.0,170.0,170.0,173.0,170.0,164.0,153.0,146.0,123.0,123.0,129.0,125.0,112.0,98.0,98.0,97.0,95.0,97.0,95.0,82.0,81.0,78.0,64.0,64.0,64.0,64.0,74.0,75.0,70.0,61.0,61.0,61.0,61.0,58.0,59.0,51.0,43.0,44.0,46.0,44.0,45.0,41.0,41.0,44.0,44.0,47.0,52.0,52.0,39.0,39.0,47.0,47.0,52.0,58.0,58.0,58.0,58.0,51.0,51.0,55.0,56.0,54.0,59.0,56.0,62.0,61.0,61.0,60.0,57.0,52.0,51.0,65.0,65.0,74.0,68.0,67.0,65.0,59.0,54.0,54.0,54.0,62.0,56.0,50.0,51.0,48.0,48.0,53.0,55.0,57.0,54.0,49.0,46.0,46.0,40.0,41.0,35.0,33.0,33.0,31.0,31.0,34.0,37.0,36.0,38.0,41.0,35.0,35.0,41.0,40.0,33.0,35.0,34.0,35.0,35.0,34.0,32.0,30.0,29.0,30.0,24.0,24.0,25.0,26.0,25.0,29.0,27.0,29.0,29.0,28.0,31.0,27.0,29.0,27.0,22.0,22.0,23.0,23.0,24.0,16.0,16.0,22.0,22.0,23.0,22.0,24.0,26.0,25.0,22.0,22.0,27.0,31.0,35.0,38.0,37.0,41.0,41.0,41.0,38.0,40.0,45.0,44.0,44.0,44.0,49.0,50.0,50.0,45.0,47.0,47.0,44.0,49.0,47.0,43.0,46.0,49.0,42.0,43.0,50.0
23,42.0,39.0,41.0,31.0,33.0,34.0,35.0,51.0,59.0,48.0,44.0,38.0,38.0,38.0,39.0,37.0,40.0,38.0,43.0,51.0,38.0,55.0,58.0,60.0,61.0,60.0,72.0,78.0,80.0,76.0,77.0,79.0,84.0,90.0,92.0,100.0,109.0,110.0,105.0,115.0,115.0,113.0,122.0,118.0,117.0,116.0,117.0,120.0,110.0,107.0,113.0,126.0,138.0,147.0,161.0,163.0,160.0,168.0,173.0,161.0,185.0,200.0,200.0,203.0,215.0,227.0,238.0,246.0,269.0,294.0,303.0,310.0,311.0,314.0,338.0,352.0,364.0,391.0,374.0,333.0,356.0,371.0,382.0,394.0,378.0,398.0,354.0,357.0,379.0,382.0,361.0,349.0,342.0,320.0,318.0,321.0,318.0,294.0,294.0,266.0,248.0,250.0,234.0,232.0,222.0,219.0,206.0,189.0,194.0,193.0,193.0,198.0,198.0,194.0,188.0,183.0,188.0,188.0,186.0,175.0,165.0,159.0,165.0,162.0,162.0,143.0,120.0,122.0,133.0,138.0,154.0,139.0,133.0,121.0,122.0,126.0,129.0,132.0,146.0,136.0,137.0,141.0,145.0,155.0,179.0,179.0,178.0,183.0,196.0,200.0,209.0,233.0,243.0,245.0,262.0,290.0,269.0,291.0,322.0,306.0,323.0,328.0,325.0,319.0,329.0,350.0,369.0,362.0,352.0,338.0,313.0,296.0,328.0,309.0,302.0,289.0,284.0,268.0,269.0,269.0,250.0,237.0,220.0,206.0,182.0,185.0,183.0,180.0,170.0,158.0,169.0,146.0,159.0,161.0,159.0,144.0,132.0,131.0,122.0,122.0,129.0,121.0,126.0,113.0,107.0,110.0,110.0,113.0,108.0,117.0,69.0,92.0,89.0,94.0,96.0,92.0,83.0,81.0,45.0,74.0,75.0,77.0,77.0,77.0,84.0,88.0,94.0,100.0,106.0,109.0,108.0,114.0,116.0,113.0,122.0,129.0,126.0,122.0,110.0,119.0,126.0,129.0,139.0,135.0,141.0,137.0,132.0,137.0,141.0,152.0,157.0,150.0,146.0,131.0,126.0,130.0,130.0,122.0,118.0,120.0,117.0,111.0,117.0,126.0
24,16.0,17.0,15.0,15.0,15.0,10.0,11.0,15.0,20.0,19.0,19.0,21.0,17.0,14.0,13.0,18.0,19.0,19.0,19.0,21.0,22.0,25.0,32.0,38.0,37.0,44.0,44.0,42.0,47.0,51.0,52.0,52.0,66.0,67.0,62.0,62.0,65.0,65.0,65.0,81.0,89.0,102.0,115.0,125.0,131.0,131.0,155.0,151.0,155.0,171.0,196.0,190.0,189.0,189.0,232.0,231.0,236.0,246.0,254.0,254.0,302.0,307.0,312.0,306.0,318.0,302.0,302.0,316.0,318.0,314.0,303.0,312.0,292.0,306.0,317.0,349.0,340.0,319.0,317.0,300.0,298.0,330.0,332.0,353.0,341.0,343.0,339.0,337.0,375.0,367.0,351.0,346.0,332.0,324.0,322.0,336.0,327.0,300.0,295.0,271.0,246.0,242.0,254.0,244.0,227.0,201.0,196.0,170.0,170.0,170.0,170.0,177.0,162.0,157.0,133.0,133.0,136.0,135.0,138.0,129.0,129.0,134.0,131.0,141.0,126.0,105.0,104.0,104.0,98.0,99.0,96.0,93.0,90.0,88.0,87.0,88.0,88.0,99.0,104.0,104.0,108.0,114.0,104.0,104.0,115.0,114.0,125.0,142.0,159.0,170.0,170.0,220.0,241.0,275.0,292.0,333.0,372.0,370.0,435.0,445.0,462.0,487.0,482.0,454.0,454.0,508.0,504.0,482.0,483.0,472.0,453.0,454.0,477.0,454.0,407.0,390.0,373.0,343.0,343.0,336.0,300.0,267.0,233.0,204.0,180.0,180.0,189.0,188.0,172.0,148.0,140.0,130.0,130.0,137.0,125.0,116.0,104.0,93.0,90.0,90.0,94.0,85.0,72.0,66.0,60.0,53.0,53.0,50.0,46.0,46.0,47.0,47.0,54.0,54.0,60.0,58.0,57.0,54.0,52.0,55.0,55.0,55.0,57.0,58.0,53.0,53.0,62.0,62.0,73.0,75.0,71.0,74.0,66.0,62.0,62.0,65.0,70.0,68.0,68.0,69.0,72.0,72.0,85.0,79.0,85.0,79.0,74.0,73.0,73.0,83.0,82.0,83.0,86.0,80.0,75.0,74.0,83.0,78.0,79.0,72.0,74.0,77.0,77.0,78.0
25,78.0,94.0,80.0,80.0,87.0,86.0,82.0,73.0,70.0,71.0,70.0,182.0,64.0,68.0,63.0,64.0,61.0,61.0,60.0,60.0,61.0,64.0,64.0,65.0,64.0,61.0,62.0,61.0,56.0,56.0,55.0,54.0,48.0,47.0,46.0,46.0,51.0,50.0,47.0,43.0,39.0,46.0,47.0,46.0,45.0,45.0,47.0,43.0,38.0,34.0,31.0,31.0,32.0,39.0,42.0,49.0,48.0,51.0,52.0,51.0,61.0,64.0,70.0,81.0,82.0,147.0,149.0,117.0,126.0,125.0,126.0,138.0,136.0,137.0,148.0,153.0,169.0,174.0,166.0,203.0,202.0,203.0,186.0,166.0,170.0,163.0,160.0,161.0,152.0,157.0,154.0,153.0,141.0,123.0,121.0,124.0,116.0,116.0,118.0,110.0,112.0,113.0,120.0,128.0,121.0,118.0,110.0,111.0,110.0,117.0,116.0,111.0,131.0,104.0,99.0,99.0,113.0,116.0,114.0,121.0,115.0,105.0,105.0,119.0,125.0,119.0,112.0,112.0,114.0,116.0,137.0,123.0,117.0,113.0,115.0,122.0,124.0,124.0,139.0,145.0,149.0,154.0,157.0,163.0,166.0,173.0,174.0,176.0,181.0,172.0,172.0,185.0,175.0,179.0,174.0,176.0,168.0,168.0,182.0,174.0,174.0,169.0,176.0,150.0,150.0,156.0,169.0,162.0,151.0,149.0,152.0,151.0,165.0,164.0,170.0,163.0,153.0,153.0,154.0,176.0,177.0,165.0,165.0,162.0,144.0,144.0,156.0,148.0,144.0,140.0,143.0,127.0,127.0,134.0,132.0,123.0,113.0,99.0,97.0,97.0,100.0,101.0,95.0,94.0,93.0,96.0,96.0,106.0,100.0,99.0,96.0,100.0,99.0,99.0,110.0,110.0,117.0,118.0,118.0,124.0,124.0,148.0,151.0,153.0,159.0,159.0,144.0,145.0,138.0,163.0,166.0,170.0,182.0,178.0,179.0,177.0,174.0,183.0,186.0,191.0,179.0,168.0,178.0,166.0,187.0,164.0,174.0,160.0,161.0,172.0,168.0,166.0,156.0,154.0,145.0,144.0,140.0,147.0,132.0,132.0,123.0,109.0,109.0,116.0
26,13.0,18.0,18.0,18.0,33.0,35.0,34.0,39.0,41.0,41.0,41.0,50.0,49.0,50.0,57.0,56.0,58.0,58.0,69.0,69.0,75.0,68.0,68.0,69.0,69.0,83.0,82.0,82.0,84.0,89.0,81.0,81.0,86.0,87.0,90.0,86.0,86.0,71.0,71.0,76.0,68.0,76.0,76.0,36.0,78.0,78.0,80.0,80.0,80.0,81.0,82.0,81.0,81.0,90.0,97.0,100.0,100.0,107.0,99.0,99.0,119.0,120.0,129.0,133.0,138.0,136.0,136.0,141.0,149.0,150.0,150.0,143.0,136.0,136.0,152.0,150.0,161.0,161.0,169.0,158.0,158.0,167.0,178.0,184.0,182.0,174.0,171.0,171.0,196.0,191.0,182.0,167.0,155.0,146.0,146.0,144.0,134.0,122.0,114.0,119.0,124.0,124.0,131.0,126.0,110.0,128.0,112.0,99.0,99.0,99.0,80.0,92.0,83.0,81.0,85.0,85.0,86.0,79.0,71.0,66.0,60.0,52.0,52.0,54.0,59.0,59.0,59.0,61.0,63.0,55.0,66.0,67.0,67.0,63.0,63.0,75.0,75.0,86.0,75.0,75.0,84.0,82.0,98.0,98.0,118.0,120.0,122.0,125.0,132.0,145.0,145.0,179.0,179.0,196.0,211.0,220.0,230.0,230.0,253.0,257.0,257.0,255.0,257.0,246.0,246.0,252.0,250.0,256.0,246.0,248.0,230.0,230.0,242.0,228.0,216.0,209.0,192.0,171.0,171.0,168.0,133.0,121.0,115.0,108.0,95.0,95.0,94.0,89.0,77.0,69.0,71.0,64.0,64.0,69.0,66.0,58.0,59.0,60.0,58.0,58.0,63.0,63.0,60.0,54.0,51.0,47.0,47.0,47.0,52.0,49.0,46.0,44.0,45.0,45.0,47.0,43.0,41.0,42.0,39.0,40.0,40.0,44.0,47.0,49.0,49.0,49.0,61.0,61.0,60.0,63.0,60.0,63.0,69.0,66.0,66.0,76.0,77.0,77.0,72.0,73.0,66.0,66.0,74.0,70.0,72.0,71.0,75.0,71.0,71.0,80.0,79.0,83.0,73.0,73.0,73.0,73.0,78.0,69.0,64.0,65.0,70.0,68.0,68.0,73.0
27,7.0,6.0,6.0,6.0,7.0,9.0,9.0,13.0,18.0,21.0,21.0,21.0,37.0,41.0,44.0,55.0,62.0,62.0,59.0,62.0,72.0,72.0,69.0,64.0,64.0,66.0,62.0,60.0,57.0,57.0,54.0,54.0,58.0,56.0,55.0,50.0,53.0,38.0,38.0,40.0,38.0,34.0,31.0,26.0,27.0,27.0,30.0,31.0,30.0,31.0,55.0,25.0,25.0,25.0,3.0,2.0,26.0,67.0,20.0,20.0,20.0,20.0,2.0,16.0,19.0,24.0,24.0,26.0,30.0,32.0,32.0,74.0,30.0,30.0,33.0,23.0,25.0,28.0,35.0,31.0,31.0,41.0,39.0,42.0,40.0,70.0,36.0,36.0,36.0,6.0,43.0,36.0,36.0,33.0,33.0,34.0,32.0,29.0,26.0,30.0,29.0,29.0,35.0,29.0,26.0,23.0,22.0,27.0,27.0,26.0,26.0,28.0,28.0,23.0,23.0,23.0,24.0,22.0,18.0,16.0,16.0,14.0,14.0,14.0,13.0,12.0,12.0,12.0,34.0,34.0,37.0,35.0,9.0,9.0,9.0,8.0,8.0,10.0,7.0,7.0,6.0,4.0,5.0,5.0,12.0,14.0,14.0,33.0,31.0,37.0,37.0,37.0,47.0,47.0,50.0,47.0,53.0,53.0,67.0,67.0,63.0,62.0,63.0,74.0,74.0,89.0,92.0,90.0,98.0,95.0,96.0,95.0,97.0,28.0,91.0,90.0,85.0,83.0,82.0,77.0,65.0,69.0,58.0,52.0,50.0,50.0,46.0,37.0,35.0,35.0,31.0,31.0,31.0,30.0,31.0,29.0,23.0,20.0,22.0,22.0,19.0,16.0,15.0,15.0,16.0,15.0,15.0,17.0,14.0,14.0,12.0,11.0,9.0,9.0,6.0,7.0,7.0,8.0,10.0,11.0,11.0,13.0,10.0,10.0,11.0,12.0,8.0,8.0,9.0,9.0,7.0,7.0,6.0,5.0,5.0,10.0,10.0,11.0,10.0,9.0,8.0,9.0,11.0,12.0,12.0,11.0,12.0,10.0,10.0,11.0,16.0,13.0,15.0,15.0,12.0,6.0,13.0,10.0,8.0,8.0,5.0,5.0,4.0,5.0
28,1293.0,1361.0,1369.0,1422.0,1628.0,1723.0,1899.0,1859.0,1984.0,1921.0,1975.0,2141.0,2149.0,2149.0,2172.0,2197.0,2237.0,2370.0,2519.0,2514.0,2510.0,2582.0,2598.0,2647.0,2767.0,3008.0,3095.0,3221.0,3337.0,3395.0,3427.0,3502.0,3878.0,3786.0,3826.0,3982.0,3886.0,3802.0,3865.0,3893.0,3788.0,3698.0,3634.0,3567.0,3448.0,3530.0,3626.0,3487.0,3450.0,3365.0,3262.0,3106.0,3157.0,3177.0,3334.0,3266.0,3211.0,3177.0,3074.0,3097.0,3228.0,3182.0,3164.0,3316.0,3146.0,3061.0,3120.0,3191.0,3133.0,3016.0,3001.0,3213.0,2889.0,2898.0,2948.0,3036.0,2999.0,2927.0,2836.0,2661.0,2681.0,2738.0,2778.0,2788.0,2610.0,2603.0,2538.0,2549.0,2584.0,2454.0,2395.0,2295.0,2197.0,2021.0,2041.0,2309.0,2056.0,1971.0,1905.0,1898.0,1732.0,1761.0,1839.0,1824.0,1751.0,1717.0,1613.0,1527.0,1526.0,1570.0,1548.0,1684.0,1629.0,1615.0,1576.0,1598.0,1777.0,1689.0,1700.0,1716.0,1838.0,1676.0,1697.0,1788.0,1798.0,1826.0,1759.0,1761.0,1935.0,1935.0,1875.0,2000.0,1975.0,1880.0,1898.0,1976.0,2031.0,2216.0,2304.0,2349.0,2407.0,2454.0,2524.0,2576.0,2717.0,2971.0,2926.0,3015.0,3116.0,3175.0,3245.0,3597.0,3674.0,3895.0,4403.0,4556.0,4577.0,4654.0,5051.0,5016.0,5009.0,5021.0,5011.0,4876.0,5016.0,5191.0,5090.0,4997.0,4872.0,4877.0,4692.0,4666.0,4856.0,4588.0,4448.0,4340.0,4212.0,3951.0,3964.0,4046.0,3794.0,3596.0,3439.0,3272.0,3034.0,3054.0,3232.0,2948.0,2817.0,2699.0,2613.0,2489.0,2514.0,2575.0,2469.0,2427.0,2335.0,2300.0,2207.0,2219.0,2320.0,2235.0,2226.0,2156.0,2126.0,2082.0,2106.0,2200.0,2114.0,2070.0,2025.0,1953.0,1964.0,1992.0,2100.0,2073.0,2029.0,2048.0,2032.0,1976.0,2017.0,2146.0,2118.0,2112.0,2050.0,2093.0,2174.0,2324.0,2460.0,2427.0,2447.0,2442.0,2480.0,2443.0,2484.0,2641.0,2607.0,2600.0,2600.0,2619.0,2552.0,2585.0,2809.0,2750.0,2727.0,2777.0,2788.0,2642.0,2663.0,2886.0,2829.0,2798.0,2731.0,2716.0,2600.0,2628.0,2730.0,2814.0,2646.0,2544.0,2466.0,2287.0,2302.0,2432.0
29,98.0,91.0,104.0,106.0,103.0,125.0,138.0,164.0,157.0,157.0,161.0,181.0,183.0,196.0,204.0,212.0,210.0,210.0,260.0,279.0,269.0,282.0,277.0,261.0,262.0,283.0,262.0,249.0,264.0,257.0,230.0,239.0,242.0,229.0,221.0,220.0,225.0,207.0,208.0,220.0,215.0,206.0,200.0,184.0,178.0,178.0,200.0,205.0,204.0,196.0,189.0,176.0,172.0,178.0,207.0,200.0,198.0,188.0,186.0,184.0,199.0,214.0,225.0,232.0,229.0,224.0,225.0,241.0,244.0,247.0,248.0,249.0,256.0,257.0,266.0,305.0,314.0,347.0,347.0,341.0,342.0,395.0,397.0,406.0,401.0,406.0,402.0,406.0,418.0,415.0,403.0,391.0,391.0,361.0,368.0,375.0,366.0,351.0,339.0,337.0,319.0,318.0,331.0,307.0,304.0,293.0,276.0,250.0,252.0,257.0,250.0,239.0,227.0,213.0,208.0,208.0,209.0,201.0,199.0,187.0,167.0,160.0,159.0,166.0,174.0,173.0,154.0,154.0,158.0,117.0,174.0,158.0,158.0,152.0,148.0,166.0,167.0,196.0,202.0,208.0,234.0,250.0,251.0,265.0,323.0,374.0,410.0,448.0,488.0,517.0,524.0,614.0,657.0,672.0,731.0,766.0,808.0,816.0,888.0,919.0,966.0,943.0,930.0,948.0,958.0,999.0,992.0,978.0,953.0,945.0,888.0,887.0,929.0,885.0,869.0,825.0,786.0,722.0,718.0,724.0,692.0,644.0,634.0,569.0,422.0,424.0,420.0,399.0,477.0,444.0,416.0,390.0,387.0,379.0,387.0,356.0,334.0,335.0,300.0,296.0,295.0,281.0,266.0,251.0,238.0,239.0,241.0,241.0,225.0,211.0,201.0,197.0,189.0,190.0,190.0,188.0,190.0,177.0,159.0,136.0,136.0,139.0,134.0,135.0,133.0,134.0,146.0,156.0,177.0,185.0,177.0,183.0,175.0,165.0,163.0,173.0,163.0,159.0,145.0,149.0,150.0,154.0,176.0,188.0,178.0,165.0,141.0,166.0,167.0,169.0,163.0,168.0,167.0,165.0,150.0,151.0,161.0,152.0,145.0,144.0,142.0,142.0,144.0,145.0
30,118.0,108.0,120.0,119.0,157.0,170.0,176.0,168.0,169.0,179.0,187.0,227.0,236.0,246.0,239.0,247.0,236.0,243.0,299.0,291.0,307.0,309.0,327.0,322.0,316.0,345.0,327.0,320.0,323.0,319.0,308.0,313.0,325.0,305.0,305.0,299.0,294.0,313.0,316.0,330.0,306.0,298.0,300.0,297.0,307.0,307.0,321.0,354.0,374.0,314.0,298.0,289.0,294.0,294.0,276.0,339.0,333.0,343.0,361.0,364.0,382.0,413.0,415.0,405.0,426.0,464.0,469.0,495.0,505.0,509.0,514.0,504.0,515.0,529.0,559.0,576.0,580.0,580.0,583.0,562.0,567.0,606.0,599.0,609.0,603.0,598.0,583.0,586.0,591.0,584.0,552.0,528.0,479.0,481.0,484.0,466.0,446.0,440.0,412.0,399.0,361.0,365.0,386.0,358.0,338.0,308.0,282.0,266.0,270.0,251.0,253.0,259.0,246.0,241.0,213.0,206.0,227.0,230.0,222.0,220.0,216.0,213.0,224.0,229.0,229.0,225.0,210.0,210.0,218.0,222.0,229.0,233.0,218.0,208.0,204.0,217.0,216.0,239.0,281.0,257.0,317.0,340.0,357.0,371.0,432.0,511.0,540.0,605.0,640.0,680.0,705.0,819.0,869.0,946.0,1002.0,1020.0,1025.0,1032.0,1093.0,1073.0,1073.0,1058.0,1072.0,1014.0,1000.0,1052.0,980.0,954.0,896.0,834.0,804.0,796.0,790.0,700.0,643.0,610.0,566.0,488.0,487.0,491.0,457.0,415.0,399.0,377.0,316.0,307.0,345.0,306.0,289.0,254.0,231.0,225.0,228.0,220.0,201.0,201.0,182.0,172.0,154.0,153.0,159.0,156.0,155.0,139.0,136.0,139.0,143.0,145.0,134.0,127.0,128.0,116.0,111.0,111.0,124.0,116.0,110.0,103.0,100.0,93.0,94.0,91.0,92.0,87.0,93.0,92.0,97.0,92.0,103.0,93.0,94.0,96.0,98.0,85.0,86.0,86.0,85.0,87.0,86.0,83.0,76.0,78.0,80.0,80.0,74.0,76.0,78.0,74.0,74.0,84.0,87.0,83.0,75.0,73.0,72.0,70.0,75.0,58.0,74.0,73.0,70.0,73.0,65.0,72.0
31,52.0,56.0,47.0,47.0,56.0,52.0,58.0,61.0,61.0,64.0,64.0,64.0,79.0,49.0,80.0,87.0,88.0,88.0,99.0,104.0,106.0,109.0,109.0,107.0,107.0,121.0,126.0,132.0,133.0,152.0,164.0,164.0,176.0,178.0,183.0,187.0,187.0,183.0,181.0,196.0,185.0,174.0,167.0,158.0,163.0,164.0,190.0,171.0,184.0,193.0,191.0,189.0,189.0,189.0,219.0,211.0,214.0,210.0,196.0,197.0,233.0,242.0,250.0,262.0,311.0,296.0,306.0,330.0,332.0,317.0,336.0,345.0,345.0,347.0,364.0,349.0,347.0,348.0,342.0,322.0,322.0,318.0,301.0,292.0,278.0,282.0,271.0,272.0,285.0,286.0,268.0,247.0,245.0,225.0,225.0,210.0,194.0,188.0,184.0,177.0,160.0,160.0,160.0,157.0,158.0,150.0,133.0,130.0,130.0,137.0,144.0,145.0,140.0,147.0,148.0,147.0,142.0,135.0,139.0,137.0,137.0,131.0,129.0,127.0,125.0,114.0,98.0,98.0,98.0,100.0,106.0,112.0,109.0,102.0,100.0,100.0,99.0,96.0,99.0,101.0,106.0,112.0,112.0,112.0,114.0,117.0,113.0,114.0,114.0,116.0,119.0,132.0,140.0,148.0,152.0,167.0,176.0,176.0,184.0,181.0,170.0,171.0,169.0,168.0,168.0,182.0,179.0,177.0,178.0,178.0,175.0,176.0,166.0,164.0,148.0,146.0,137.0,140.0,140.0,130.0,125.0,118.0,111.0,112.0,102.0,101.0,98.0,96.0,92.0,88.0,87.0,77.0,77.0,73.0,68.0,75.0,49.0,70.0,64.0,64.0,70.0,70.0,71.0,64.0,60.0,60.0,60.0,65.0,60.0,63.0,65.0,64.0,66.0,66.0,77.0,83.0,85.0,87.0,89.0,82.0,84.0,103.0,110.0,111.0,111.0,112.0,131.0,131.0,131.0,151.0,158.0,168.0,163.0,162.0,163.0,178.0,183.0,185.0,182.0,174.0,184.0,184.0,197.0,212.0,196.0,188.0,186.0,181.0,183.0,178.0,189.0,187.0,185.0,182.0,177.0,177.0,172.0,166.0,158.0,150.0,151.0,135.0,135.0,133.0
32,9.0,9.0,13.0,13.0,11.0,16.0,15.0,17.0,21.0,22.0,22.0,26.0,26.0,29.0,32.0,32.0,31.0,31.0,40.0,39.0,34.0,40.0,42.0,41.0,41.0,46.0,46.0,46.0,48.0,49.0,50.0,50.0,52.0,57.0,58.0,60.0,59.0,59.0,59.0,60.0,66.0,68.0,86.0,84.0,78.0,78.0,81.0,82.0,83.0,84.0,79.0,66.0,66.0,66.0,91.0,103.0,108.0,109.0,105.0,105.0,118.0,117.0,125.0,152.0,112.0,114.0,114.0,110.0,111.0,101.0,96.0,122.0,88.0,88.0,109.0,112.0,108.0,116.0,111.0,107.0,107.0,105.0,99.0,94.0,96.0,91.0,86.0,86.0,97.0,91.0,95.0,95.0,87.0,78.0,78.0,77.0,72.0,65.0,63.0,68.0,67.0,67.0,56.0,62.0,44.0,37.0,68.0,37.0,37.0,38.0,38.0,27.0,29.0,29.0,32.0,32.0,40.0,41.0,40.0,38.0,38.0,37.0,37.0,34.0,54.0,35.0,30.0,30.0,29.0,29.0,30.0,30.0,28.0,48.0,48.0,33.0,33.0,34.0,37.0,37.0,45.0,39.0,37.0,37.0,49.0,52.0,55.0,58.0,68.0,79.0,79.0,107.0,113.0,118.0,130.0,155.0,157.0,157.0,176.0,195.0,203.0,213.0,196.0,180.0,180.0,204.0,198.0,188.0,172.0,175.0,170.0,170.0,197.0,186.0,185.0,168.0,155.0,137.0,137.0,131.0,127.0,111.0,102.0,91.0,69.0,69.0,79.0,68.0,63.0,52.0,53.0,38.0,38.0,40.0,36.0,35.0,35.0,34.0,26.0,26.0,30.0,27.0,27.0,24.0,24.0,22.0,22.0,25.0,25.0,25.0,24.0,24.0,25.0,25.0,29.0,28.0,24.0,21.0,16.0,17.0,17.0,20.0,21.0,21.0,18.0,20.0,20.0,20.0,24.0,25.0,21.0,20.0,17.0,20.0,20.0,25.0,25.0,26.0,24.0,24.0,19.0,19.0,21.0,28.0,26.0,29.0,28.0,28.0,28.0,33.0,33.0,33.0,33.0,30.0,27.0,27.0,31.0,31.0,28.0,25.0,20.0,17.0,17.0,20.0
33,22.0,21.0,16.0,16.0,16.0,19.0,23.0,23.0,21.0,33.0,33.0,146.0,37.0,42.0,50.0,47.0,40.0,42.0,51.0,48.0,55.0,55.0,64.0,57.0,57.0,58.0,59.0,53.0,53.0,50.0,46.0,49.0,53.0,59.0,62.0,61.0,67.0,41.0,41.0,71.0,75.0,72.0,66.0,75.0,87.0,87.0,106.0,106.0,116.0,127.0,136.0,136.0,141.0,145.0,184.0,204.0,220.0,243.0,241.0,244.0,284.0,315.0,323.0,332.0,354.0,385.0,384.0,476.0,479.0,505.0,528.0,573.0,596.0,594.0,595.0,748.0,798.0,776.0,791.0,806.0,810.0,912.0,924.0,934.0,958.0,974.0,955.0,962.0,1039.0,1037.0,1027.0,1018.0,983.0,941.0,931.0,1005.0,991.0,944.0,878.0,849.0,804.0,812.0,856.0,838.0,829.0,767.0,770.0,702.0,708.0,710.0,706.0,718.0,691.0,665.0,591.0,593.0,592.0,579.0,496.0,494.0,451.0,406.0,412.0,405.0,385.0,342.0,301.0,285.0,276.0,272.0,293.0,287.0,269.0,242.0,240.0,231.0,235.0,250.0,243.0,238.0,253.0,242.0,229.0,236.0,271.0,285.0,297.0,304.0,298.0,290.0,290.0,338.0,367.0,382.0,403.0,424.0,436.0,439.0,486.0,509.0,558.0,577.0,572.0,577.0,602.0,683.0,680.0,693.0,679.0,659.0,655.0,668.0,728.0,703.0,691.0,698.0,651.0,639.0,641.0,668.0,625.0,589.0,573.0,539.0,499.0,494.0,512.0,482.0,463.0,447.0,416.0,394.0,393.0,404.0,384.0,386.0,377.0,374.0,349.0,347.0,385.0,360.0,337.0,338.0,328.0,300.0,293.0,306.0,309.0,298.0,305.0,298.0,280.0,281.0,307.0,288.0,268.0,266.0,264.0,240.0,241.0,251.0,256.0,234.0,226.0,226.0,234.0,236.0,250.0,256.0,241.0,222.0,214.0,225.0,225.0,240.0,242.0,243.0,240.0,230.0,217.0,220.0,246.0,243.0,242.0,233.0,230.0,221.0,219.0,240.0,225.0,217.0,219.0,214.0,210.0,203.0,195.0,203.0,187.0,183.0,182.0,168.0,167.0,169.0
34,6.0,5.0,4.0,4.0,7.0,7.0,6.0,6.0,6.0,8.0,8.0,10.0,5.0,5.0,10.0,11.0,20.0,20.0,20.0,16.0,18.0,19.0,21.0,21.0,25.0,33.0,46.0,42.0,38.0,39.0,34.0,34.0,39.0,43.0,42.0,42.0,44.0,44.0,44.0,48.0,50.0,51.0,50.0,53.0,48.0,57.0,57.0,65.0,60.0,63.0,60.0,62.0,62.0,62.0,62.0,72.0,65.0,67.0,68.0,68.0,74.0,78.0,82.0,88.0,97.0,97.0,97.0,113.0,111.0,109.0,117.0,120.0,111.0,111.0,111.0,114.0,114.0,113.0,116.0,112.0,112.0,121.0,118.0,109.0,101.0,107.0,97.0,97.0,104.0,105.0,104.0,102.0,102.0,102.0,102.0,104.0,100.0,99.0,95.0,86.0,86.0,76.0,90.0,88.0,88.0,88.0,82.0,72.0,72.0,72.0,72.0,,76.0,78.0,78.0,78.0,78.0,83.0,83.0,74.0,81.0,81.0,81.0,87.0,86.0,77.0,83.0,83.0,83.0,83.0,83.0,83.0,87.0,87.0,87.0,87.0,,91.0,89.0,89.0,93.0,91.0,91.0,91.0,90.0,91.0,92.0,89.0,89.0,89.0,89.0,118.0,116.0,132.0,157.0,168.0,168.0,168.0,197.0,204.0,207.0,198.0,198.0,198.0,198.0,221.0,221.0,229.0,226.0,227.0,205.0,205.0,226.0,225.0,210.0,199.0,189.0,166.0,166.0,173.0,156.0,156.0,133.0,122.0,122.0,104.0,110.0,100.0,100.0,100.0,74.0,68.0,68.0,68.0,67.0,61.0,56.0,53.0,50.0,50.0,50.0,50.0,38.0,35.0,34.0,34.0,34.0,34.0,33.0,33.0,33.0,33.0,25.0,25.0,25.0,25.0,33.0,29.0,29.0,24.0,24.0,31.0,33.0,36.0,36.0,36.0,36.0,,37.0,37.0,29.0,33.0,34.0,31.0,31.0,31.0,31.0,,40.0,42.0,40.0,40.0,39.0,39.0,34.0,33.0,37.0,35.0,35.0,37.0,34.0,30.0,27.0,30.0,30.0,30.0,32.0,28.0,28.0,22.0,17.0,21.0,21.0,22.0
35,69.0,73.0,79.0,87.0,102.0,116.0,123.0,129.0,134.0,148.0,154.0,174.0,173.0,162.0,170.0,179.0,179.0,187.0,201.0,200.0,204.0,205.0,201.0,199.0,200.0,207.0,205.0,199.0,202.0,192.0,190.0,190.0,196.0,194.0,189.0,183.0,184.0,186.0,182.0,183.0,178.0,173.0,166.0,160.0,156.0,161.0,177.0,176.0,158.0,152.0,154.0,145.0,144.0,152.0,152.0,150.0,149.0,137.0,132.0,132.0,134.0,128.0,127.0,120.0,207.0,108.0,621.0,109.0,106.0,88.0,81.0,76.0,75.0,72.0,77.0,72.0,71.0,70.0,73.0,63.0,68.0,71.0,70.0,77.0,77.0,82.0,76.0,69.0,74.0,71.0,71.0,69.0,68.0,62.0,66.0,65.0,74.0,78.0,75.0,75.0,72.0,75.0,76.0,72.0,65.0,69.0,73.0,67.0,71.0,75.0,77.0,81.0,72.0,69.0,65.0,66.0,62.0,69.0,64.0,65.0,69.0,66.0,68.0,71.0,66.0,68.0,75.0,76.0,76.0,81.0,88.0,84.0,76.0,74.0,75.0,77.0,81.0,84.0,87.0,90.0,102.0,106.0,105.0,106.0,124.0,132.0,143.0,145.0,149.0,145.0,156.0,176.0,185.0,180.0,178.0,186.0,176.0,181.0,198.0,212.0,210.0,207.0,210.0,208.0,215.0,229.0,222.0,223.0,219.0,225.0,200.0,209.0,217.0,214.0,211.0,200.0,197.0,188.0,198.0,198.0,201.0,200.0,179.0,168.0,167.0,154.0,166.0,165.0,157.0,148.0,144.0,142.0,143.0,152.0,154.0,153.0,156.0,151.0,145.0,147.0,159.0,150.0,138.0,142.0,138.0,137.0,148.0,157.0,146.0,138.0,145.0,152.0,153.0,149.0,156.0,162.0,157.0,146.0,139.0,136.0,141.0,150.0,144.0,145.0,144.0,140.0,150.0,150.0,160.0,148.0,139.0,135.0,132.0,134.0,143.0,151.0,143.0,132.0,125.0,131.0,124.0,130.0,142.0,135.0,128.0,125.0,122.0,118.0,117.0,120.0,111.0,104.0,98.0,96.0,95.0,101.0,104.0,105.0,104.0,107.0,103.0,103.0,105.0,105.0
36,7.0,10.0,6.0,39.0,8.0,9.0,11.0,11.0,10.0,13.0,13.0,16.0,20.0,25.0,25.0,25.0,24.0,24.0,29.0,29.0,27.0,31.0,33.0,36.0,36.0,39.0,40.0,36.0,42.0,47.0,49.0,49.0,42.0,42.0,45.0,38.0,39.0,38.0,39.0,47.0,48.0,46.0,48.0,44.0,46.0,46.0,50.0,52.0,49.0,50.0,47.0,40.0,38.0,38.0,55.0,56.0,56.0,55.0,55.0,55.0,62.0,73.0,91.0,95.0,105.0,110.0,110.0,107.0,122.0,131.0,135.0,136.0,125.0,125.0,148.0,153.0,158.0,163.0,164.0,158.0,158.0,164.0,178.0,182.0,179.0,173.0,202.0,166.0,183.0,181.0,164.0,164.0,154.0,157.0,149.0,167.0,174.0,164.0,163.0,153.0,144.0,144.0,152.0,152.0,139.0,135.0,130.0,123.0,122.0,130.0,130.0,128.0,133.0,120.0,115.0,115.0,121.0,122.0,117.0,116.0,117.0,107.0,106.0,118.0,128.0,125.0,121.0,121.0,120.0,120.0,130.0,118.0,125.0,106.0,106.0,109.0,109.0,128.0,126.0,126.0,122.0,116.0,117.0,117.0,143.0,142.0,134.0,148.0,155.0,148.0,148.0,198.0,217.0,248.0,261.0,269.0,291.0,290.0,338.0,362.0,350.0,349.0,344.0,333.0,333.0,380.0,368.0,343.0,324.0,309.0,298.0,298.0,318.0,314.0,322.0,297.0,266.0,253.0,253.0,266.0,252.0,232.0,213.0,201.0,178.0,173.0,184.0,164.0,156.0,148.0,144.0,141.0,141.0,151.0,149.0,141.0,135.0,116.0,98.0,98.0,104.0,100.0,101.0,96.0,94.0,97.0,97.0,99.0,103.0,92.0,88.0,89.0,98.0,98.0,104.0,94.0,91.0,91.0,85.0,76.0,76.0,84.0,83.0,84.0,82.0,83.0,77.0,77.0,81.0,82.0,75.0,70.0,69.0,63.0,63.0,70.0,69.0,72.0,71.0,74.0,80.0,80.0,83.0,80.0,79.0,78.0,75.0,73.0,73.0,78.0,81.0,74.0,73.0,64.0,70.0,70.0,79.0,87.0,79.0,87.0,95.0,91.0,92.0,101.0
37,36.0,36.0,36.0,36.0,41.0,41.0,44.0,55.0,54.0,63.0,63.0,72.0,77.0,78.0,74.0,74.0,72.0,72.0,72.0,72.0,86.0,79.0,79.0,73.0,78.0,92.0,89.0,85.0,90.0,92.0,92.0,92.0,100.0,100.0,102.0,109.0,113.0,113.0,128.0,132.0,129.0,116.0,107.0,110.0,98.0,112.0,123.0,117.0,128.0,129.0,129.0,125.0,131.0,135.0,144.0,147.0,145.0,145.0,42.0,42.0,168.0,170.0,170.0,188.0,191.0,204.0,204.0,222.0,217.0,213.0,219.0,207.0,207.0,207.0,232.0,238.0,237.0,220.0,220.0,220.0,220.0,236.0,226.0,215.0,217.0,218.0,206.0,206.0,226.0,226.0,215.0,215.0,87.0,87.0,172.0,184.0,169.0,166.0,156.0,148.0,148.0,127.0,133.0,123.0,114.0,114.0,103.0,87.0,87.0,90.0,90.0,90.0,91.0,86.0,74.0,74.0,78.0,73.0,65.0,53.0,52.0,52.0,52.0,46.0,45.0,42.0,42.0,42.0,36.0,36.0,37.0,35.0,34.0,24.0,24.0,30.0,30.0,34.0,30.0,30.0,32.0,41.0,42.0,42.0,58.0,102.0,79.0,83.0,98.0,112.0,112.0,155.0,176.0,198.0,226.0,231.0,231.0,251.0,285.0,305.0,316.0,331.0,335.0,337.0,337.0,343.0,336.0,333.0,328.0,339.0,339.0,339.0,339.0,312.0,286.0,280.0,264.0,235.0,235.0,238.0,221.0,203.0,191.0,191.0,160.0,160.0,165.0,153.0,133.0,127.0,125.0,98.0,98.0,91.0,89.0,89.0,62.0,63.0,63.0,55.0,51.0,49.0,49.0,49.0,46.0,46.0,46.0,46.0,43.0,43.0,39.0,38.0,34.0,34.0,33.0,30.0,27.0,27.0,28.0,26.0,26.0,26.0,16.0,16.0,21.0,17.0,21.0,21.0,26.0,26.0,30.0,27.0,29.0,29.0,29.0,41.0,49.0,55.0,60.0,64.0,60.0,60.0,62.0,59.0,55.0,61.0,62.0,65.0,65.0,68.0,68.0,54.0,55.0,59.0,49.0,49.0,47.0,41.0,38.0,43.0,42.0,32.0,32.0,36.0
38,37.0,32.0,36.0,37.0,39.0,44.0,35.0,38.0,43.0,36.0,36.0,64.0,43.0,42.0,43.0,48.0,54.0,53.0,52.0,64.0,60.0,55.0,50.0,53.0,55.0,58.0,56.0,49.0,49.0,52.0,53.0,52.0,66.0,63.0,63.0,63.0,76.0,76.0,75.0,76.0,80.0,94.0,83.0,93.0,79.0,78.0,107.0,113.0,115.0,116.0,114.0,112.0,120.0,112.0,126.0,129.0,125.0,130.0,124.0,124.0,127.0,135.0,134.0,139.0,148.0,164.0,164.0,155.0,149.0,147.0,152.0,142.0,130.0,130.0,138.0,146.0,156.0,148.0,137.0,148.0,154.0,165.0,160.0,163.0,166.0,170.0,160.0,159.0,173.0,174.0,171.0,161.0,151.0,143.0,151.0,153.0,153.0,159.0,143.0,144.0,126.0,129.0,145.0,143.0,144.0,142.0,150.0,161.0,164.0,168.0,165.0,184.0,198.0,195.0,210.0,210.0,233.0,242.0,248.0,218.0,229.0,212.0,211.0,226.0,228.0,218.0,209.0,209.0,214.0,216.0,235.0,237.0,221.0,205.0,208.0,197.0,197.0,207.0,198.0,196.0,196.0,190.0,183.0,182.0,190.0,187.0,170.0,153.0,140.0,127.0,124.0,127.0,131.0,133.0,124.0,110.0,104.0,101.0,112.0,109.0,108.0,105.0,102.0,97.0,96.0,105.0,102.0,112.0,112.0,111.0,99.0,100.0,94.0,102.0,88.0,82.0,74.0,74.0,77.0,76.0,77.0,75.0,78.0,76.0,71.0,79.0,89.0,91.0,92.0,88.0,94.0,102.0,104.0,105.0,128.0,134.0,133.0,138.0,138.0,139.0,145.0,151.0,143.0,141.0,145.0,138.0,134.0,150.0,143.0,140.0,138.0,136.0,122.0,124.0,143.0,145.0,136.0,136.0,133.0,126.0,123.0,128.0,131.0,128.0,107.0,107.0,111.0,109.0,124.0,142.0,146.0,138.0,132.0,136.0,136.0,152.0,147.0,132.0,142.0,148.0,154.0,154.0,159.0,163.0,149.0,147.0,144.0,136.0,136.0,153.0,154.0,137.0,140.0,137.0,129.0,130.0,138.0,143.0,132.0,128.0,125.0,102.0,103.0,113.0
39,31.0,35.0,40.0,40.0,37.0,40.0,43.0,41.0,35.0,35.0,35.0,39.0,40.0,52.0,45.0,40.0,47.0,47.0,54.0,51.0,48.0,59.0,65.0,60.0,60.0,79.0,79.0,76.0,73.0,72.0,73.0,73.0,80.0,76.0,65.0,57.0,60.0,52.0,52.0,66.0,64.0,63.0,60.0,61.0,48.0,48.0,46.0,53.0,50.0,44.0,45.0,37.0,37.0,37.0,55.0,50.0,48.0,46.0,40.0,40.0,61.0,65.0,61.0,63.0,63.0,72.0,72.0,83.0,88.0,102.0,113.0,111.0,123.0,123.0,153.0,166.0,163.0,160.0,156.0,168.0,168.0,171.0,192.0,201.0,204.0,202.0,183.0,183.0,209.0,201.0,207.0,201.0,190.0,181.0,181.0,189.0,169.0,180.0,187.0,172.0,162.0,162.0,176.0,172.0,177.0,183.0,184.0,174.0,174.0,173.0,173.0,162.0,158.0,158.0,140.0,140.0,155.0,144.0,136.0,131.0,125.0,115.0,115.0,122.0,119.0,108.0,88.0,88.0,99.0,99.0,100.0,95.0,87.0,94.0,94.0,109.0,109.0,116.0,107.0,107.0,114.0,121.0,126.0,126.0,150.0,155.0,158.0,169.0,173.0,137.0,151.0,204.0,203.0,194.0,192.0,207.0,212.0,212.0,219.0,221.0,217.0,211.0,220.0,213.0,213.0,224.0,203.0,183.0,182.0,176.0,152.0,152.0,163.0,156.0,152.0,150.0,145.0,141.0,141.0,150.0,143.0,138.0,127.0,133.0,125.0,125.0,139.0,140.0,135.0,128.0,121.0,109.0,109.0,121.0,106.0,101.0,85.0,80.0,80.0,80.0,79.0,79.0,79.0,79.0,76.0,65.0,65.0,78.0,64.0,58.0,63.0,65.0,60.0,60.0,64.0,62.0,59.0,58.0,58.0,59.0,59.0,73.0,78.0,80.0,71.0,71.0,82.0,82.0,84.0,78.0,70.0,71.0,73.0,72.0,72.0,90.0,83.0,81.0,84.0,87.0,81.0,81.0,89.0,93.0,90.0,88.0,97.0,89.0,89.0,105.0,111.0,107.0,100.0,97.0,92.0,92.0,116.0,121.0,114.0,105.0,104.0,104.0,104.0,116.0
40,10.0,17.0,17.0,17.0,20.0,20.0,20.0,19.0,19.0,16.0,16.0,16.0,17.0,14.0,14.0,15.0,16.0,16.0,18.0,20.0,21.0,19.0,18.0,19.0,19.0,19.0,21.0,22.0,21.0,26.0,22.0,22.0,22.0,22.0,22.0,17.0,17.0,18.0,18.0,18.0,19.0,17.0,17.0,19.0,19.0,19.0,27.0,27.0,27.0,26.0,26.0,25.0,25.0,30.0,31.0,33.0,36.0,38.0,36.0,36.0,35.0,35.0,41.0,39.0,37.0,37.0,37.0,42.0,44.0,41.0,40.0,40.0,33.0,33.0,37.0,38.0,33.0,30.0,32.0,31.0,31.0,33.0,34.0,36.0,37.0,33.0,36.0,36.0,40.0,37.0,32.0,31.0,32.0,30.0,30.0,30.0,31.0,30.0,28.0,25.0,24.0,24.0,22.0,22.0,21.0,22.0,24.0,18.0,18.0,19.0,20.0,19.0,22.0,19.0,20.0,20.0,18.0,16.0,14.0,13.0,12.0,9.0,9.0,11.0,12.0,11.0,10.0,10.0,13.0,13.0,15.0,14.0,16.0,19.0,19.0,21.0,21.0,27.0,31.0,36.0,44.0,42.0,46.0,52.0,61.0,71.0,79.0,82.0,89.0,88.0,88.0,88.0,115.0,115.0,115.0,133.0,134.0,134.0,144.0,155.0,152.0,148.0,148.0,140.0,140.0,153.0,157.0,153.0,147.0,147.0,130.0,130.0,133.0,133.0,110.0,90.0,80.0,66.0,66.0,66.0,55.0,55.0,49.0,48.0,39.0,39.0,42.0,36.0,36.0,36.0,36.0,33.0,33.0,33.0,33.0,31.0,32.0,32.0,29.0,29.0,30.0,31.0,26.0,26.0,25.0,25.0,25.0,25.0,27.0,23.0,22.0,22.0,22.0,22.0,26.0,24.0,23.0,25.0,24.0,21.0,21.0,28.0,33.0,30.0,27.0,29.0,30.0,30.0,37.0,39.0,42.0,45.0,46.0,46.0,46.0,51.0,50.0,48.0,48.0,50.0,45.0,45.0,50.0,45.0,45.0,45.0,41.0,39.0,39.0,43.0,45.0,43.0,44.0,44.0,32.0,32.0,35.0,28.0,28.0,28.0,28.0,28.0,28.0,28.0
41,19.0,26.0,29.0,31.0,37.0,40.0,47.0,44.0,48.0,42.0,42.0,57.0,68.0,75.0,100.0,115.0,118.0,116.0,139.0,147.0,173.0,186.0,203.0,202.0,224.0,273.0,284.0,297.0,283.0,273.0,279.0,281.0,288.0,307.0,310.0,327.0,391.0,384.0,398.0,407.0,412.0,393.0,384.0,372.0,777.0,382.0,391.0,379.0,346.0,339.0,337.0,334.0,348.0,360.0,382.0,390.0,424.0,446.0,425.0,440.0,486.0,496.0,530.0,548.0,586.0,570.0,600.0,630.0,674.0,687.0,739.0,698.0,728.0,756.0,789.0,858.0,874.0,874.0,872.0,838.0,860.0,890.0,887.0,872.0,849.0,816.0,798.0,808.0,796.0,758.0,735.0,735.0,645.0,576.0,578.0,537.0,509.0,450.0,403.0,369.0,332.0,330.0,326.0,299.0,283.0,259.0,240.0,221.0,221.0,218.0,147.0,203.0,190.0,189.0,180.0,179.0,199.0,181.0,173.0,163.0,181.0,166.0,170.0,163.0,148.0,155.0,133.0,138.0,141.0,104.0,149.0,141.0,134.0,135.0,126.0,130.0,88.0,137.0,141.0,146.0,166.0,171.0,188.0,201.0,196.0,227.0,248.0,271.0,293.0,313.0,333.0,381.0,430.0,468.0,515.0,537.0,544.0,588.0,633.0,712.0,710.0,729.0,743.0,754.0,772.0,805.0,792.0,765.0,763.0,751.0,694.0,697.0,673.0,659.0,633.0,622.0,595.0,541.0,533.0,531.0,503.0,477.0,443.0,422.0,398.0,395.0,370.0,348.0,337.0,321.0,301.0,290.0,285.0,283.0,269.0,274.0,256.0,242.0,231.0,222.0,217.0,213.0,205.0,195.0,204.0,191.0,191.0,204.0,197.0,186.0,198.0,214.0,179.0,179.0,191.0,182.0,190.0,196.0,194.0,191.0,187.0,193.0,192.0,194.0,197.0,197.0,207.0,102.0,261.0,273.0,299.0,306.0,307.0,306.0,311.0,325.0,335.0,334.0,355.0,356.0,356.0,369.0,387.0,378.0,365.0,379.0,370.0,373.0,376.0,361.0,362.0,341.0,324.0,323.0,311.0,308.0,291.0,280.0,263.0,246.0,249.0,243.0,246.0,271.0
42,9.0,11.0,14.0,14.0,14.0,17.0,16.0,20.0,23.0,24.0,24.0,25.0,25.0,25.0,21.0,17.0,16.0,16.0,22.0,23.0,22.0,19.0,19.0,17.0,17.0,20.0,21.0,23.0,24.0,21.0,21.0,21.0,23.0,22.0,18.0,18.0,17.0,17.0,17.0,24.0,23.0,22.0,21.0,19.0,20.0,20.0,23.0,22.0,24.0,25.0,19.0,22.0,22.0,22.0,22.0,24.0,22.0,24.0,26.0,26.0,26.0,30.0,29.0,25.0,31.0,30.0,30.0,33.0,34.0,33.0,37.0,37.0,34.0,34.0,34.0,41.0,39.0,37.0,39.0,35.0,35.0,38.0,38.0,38.0,44.0,49.0,47.0,47.0,52.0,48.0,47.0,40.0,40.0,44.0,44.0,48.0,48.0,41.0,39.0,35.0,35.0,35.0,35.0,39.0,38.0,38.0,37.0,35.0,35.0,35.0,35.0,31.0,26.0,25.0,19.0,19.0,20.0,21.0,23.0,23.0,21.0,19.0,19.0,22.0,17.0,19.0,18.0,18.0,17.0,17.0,16.0,12.0,11.0,10.0,10.0,10.0,10.0,13.0,16.0,16.0,18.0,18.0,21.0,21.0,20.0,21.0,26.0,26.0,27.0,26.0,26.0,39.0,40.0,50.0,55.0,63.0,64.0,64.0,75.0,77.0,83.0,90.0,99.0,100.0,100.0,105.0,96.0,94.0,94.0,99.0,97.0,97.0,103.0,103.0,101.0,106.0,103.0,93.0,93.0,94.0,89.0,90.0,88.0,83.0,81.0,81.0,91.0,91.0,93.0,93.0,92.0,84.0,84.0,85.0,79.0,79.0,81.0,78.0,73.0,73.0,75.0,69.0,65.0,65.0,62.0,54.0,54.0,52.0,47.0,43.0,47.0,41.0,41.0,41.0,44.0,46.0,43.0,42.0,38.0,39.0,39.0,42.0,41.0,43.0,39.0,39.0,40.0,40.0,39.0,38.0,37.0,39.0,35.0,38.0,38.0,37.0,35.0,33.0,33.0,37.0,35.0,35.0,38.0,35.0,36.0,33.0,31.0,29.0,29.0,31.0,29.0,29.0,26.0,26.0,26.0,26.0,22.0,21.0,18.0,17.0,15.0,19.0,19.0,19.0
43,59.0,58.0,53.0,53.0,59.0,130.0,74.0,76.0,74.0,65.0,65.0,76.0,101.0,97.0,98.0,99.0,89.0,89.0,99.0,101.0,103.0,101.0,93.0,96.0,96.0,100.0,88.0,90.0,86.0,82.0,79.0,79.0,89.0,82.0,85.0,82.0,75.0,78.0,78.0,87.0,96.0,100.0,102.0,101.0,100.0,100.0,109.0,114.0,136.0,147.0,144.0,142.0,142.0,142.0,149.0,159.0,160.0,177.0,191.0,191.0,226.0,228.0,231.0,246.0,273.0,282.0,282.0,329.0,337.0,352.0,361.0,377.0,372.0,372.0,415.0,425.0,441.0,429.0,418.0,398.0,398.0,418.0,387.0,400.0,389.0,368.0,358.0,358.0,378.0,357.0,344.0,337.0,315.0,293.0,293.0,297.0,276.0,271.0,256.0,249.0,215.0,215.0,233.0,220.0,214.0,207.0,204.0,175.0,175.0,180.0,180.0,179.0,168.0,168.0,163.0,163.0,172.0,174.0,183.0,214.0,265.0,230.0,230.0,287.0,282.0,296.0,331.0,335.0,335.0,335.0,387.0,386.0,381.0,362.0,361.0,404.0,404.0,436.0,440.0,440.0,437.0,450.0,441.0,441.0,493.0,506.0,524.0,528.0,529.0,525.0,525.0,558.0,567.0,579.0,588.0,604.0,600.0,609.0,630.0,617.0,613.0,608.0,589.0,550.0,550.0,576.0,570.0,551.0,530.0,506.0,495.0,495.0,479.0,442.0,329.0,312.0,300.0,271.0,271.0,274.0,249.0,234.0,221.0,194.0,171.0,170.0,187.0,174.0,156.0,156.0,146.0,150.0,150.0,150.0,131.0,119.0,114.0,112.0,102.0,102.0,100.0,91.0,86.0,84.0,79.0,65.0,65.0,73.0,74.0,65.0,64.0,65.0,61.0,61.0,65.0,67.0,67.0,71.0,62.0,56.0,56.0,64.0,61.0,60.0,59.0,59.0,59.0,59.0,42.0,76.0,73.0,74.0,76.0,63.0,63.0,87.0,95.0,98.0,95.0,97.0,100.0,96.0,107.0,104.0,99.0,99.0,102.0,100.0,100.0,116.0,120.0,112.0,112.0,112.0,108.0,108.0,123.0,119.0,118.0,118.0,122.0,110.0,110.0,115.0
44,42.0,35.0,38.0,34.0,37.0,37.0,36.0,34.0,30.0,29.0,30.0,30.0,37.0,35.0,38.0,38.0,37.0,41.0,39.0,41.0,50.0,50.0,52.0,50.0,52.0,59.0,55.0,53.0,57.0,53.0,58.0,61.0,61.0,64.0,78.0,59.0,58.0,58.0,65.0,67.0,62.0,54.0,56.0,47.0,39.0,41.0,43.0,40.0,38.0,49.0,43.0,53.0,51.0,59.0,67.0,71.0,66.0,69.0,62.0,58.0,67.0,74.0,77.0,75.0,74.0,82.0,88.0,101.0,106.0,105.0,106.0,110.0,110.0,113.0,116.0,122.0,129.0,132.0,120.0,84.0,88.0,96.0,97.0,84.0,82.0,78.0,76.0,75.0,86.0,81.0,75.0,72.0,65.0,52.0,58.0,83.0,75.0,74.0,66.0,65.0,65.0,70.0,74.0,64.0,64.0,65.0,64.0,57.0,54.0,58.0,60.0,65.0,64.0,64.0,56.0,58.0,58.0,61.0,54.0,48.0,50.0,50.0,44.0,48.0,46.0,39.0,38.0,38.0,42.0,42.0,46.0,44.0,36.0,33.0,33.0,36.0,34.0,45.0,87.0,45.0,42.0,49.0,54.0,59.0,63.0,65.0,72.0,71.0,61.0,55.0,73.0,77.0,82.0,85.0,83.0,91.0,107.0,110.0,117.0,112.0,116.0,119.0,123.0,134.0,135.0,138.0,132.0,128.0,128.0,110.0,110.0,128.0,134.0,128.0,121.0,116.0,119.0,108.0,108.0,106.0,92.0,79.0,72.0,74.0,62.0,60.0,65.0,63.0,46.0,43.0,43.0,44.0,45.0,48.0,49.0,48.0,33.0,28.0,26.0,27.0,27.0,25.0,26.0,21.0,19.0,19.0,19.0,19.0,18.0,14.0,10.0,8.0,10.0,10.0,11.0,12.0,13.0,10.0,8.0,8.0,8.0,8.0,8.0,8.0,9.0,9.0,8.0,8.0,9.0,9.0,9.0,9.0,8.0,6.0,6.0,7.0,8.0,6.0,9.0,9.0,10.0,8.0,9.0,8.0,4.0,2.0,3.0,4.0,4.0,5.0,6.0,5.0,6.0,6.0,6.0,6.0,8.0,9.0,11.0,11.0,12.0,13.0,13.0,15.0
45,44.0,46.0,48.0,48.0,64.0,71.0,76.0,76.0,83.0,106.0,106.0,132.0,136.0,143.0,160.0,176.0,165.0,165.0,201.0,200.0,211.0,213.0,217.0,210.0,210.0,250.0,259.0,261.0,257.0,268.0,275.0,275.0,286.0,297.0,307.0,307.0,320.0,313.0,313.0,332.0,314.0,311.0,321.0,308.0,303.0,303.0,327.0,314.0,300.0,290.0,280.0,266.0,266.0,267.0,328.0,327.0,340.0,338.0,353.0,353.0,375.0,365.0,381.0,412.0,423.0,406.0,406.0,448.0,436.0,449.0,480.0,491.0,490.0,524.0,558.0,510.0,505.0,504.0,470.0,458.0,456.0,462.0,453.0,444.0,443.0,438.0,390.0,397.0,429.0,400.0,380.0,340.0,345.0,296.0,291.0,296.0,273.0,268.0,259.0,250.0,254.0,262.0,268.0,262.0,256.0,255.0,241.0,218.0,223.0,234.0,228.0,234.0,250.0,262.0,260.0,274.0,280.0,274.0,266.0,263.0,256.0,246.0,246.0,248.0,244.0,246.0,212.0,212.0,217.0,218.0,231.0,236.0,240.0,209.0,209.0,232.0,242.0,254.0,264.0,250.0,288.0,301.0,312.0,310.0,342.0,373.0,415.0,453.0,469.0,511.0,511.0,600.0,644.0,664.0,712.0,725.0,727.0,748.0,791.0,782.0,780.0,776.0,776.0,723.0,723.0,787.0,761.0,728.0,698.0,671.0,636.0,636.0,635.0,599.0,559.0,510.0,464.0,382.0,382.0,370.0,341.0,313.0,297.0,258.0,226.0,227.0,220.0,209.0,190.0,192.0,182.0,169.0,167.0,164.0,158.0,186.0,144.0,137.0,132.0,132.0,125.0,125.0,112.0,102.0,99.0,91.0,91.0,96.0,94.0,72.0,62.0,61.0,49.0,51.0,57.0,66.0,71.0,78.0,83.0,86.0,86.0,98.0,102.0,105.0,109.0,110.0,115.0,115.0,124.0,129.0,139.0,151.0,163.0,161.0,161.0,172.0,181.0,169.0,184.0,183.0,175.0,175.0,209.0,209.0,194.0,194.0,194.0,194.0,194.0,210.0,215.0,226.0,230.0,238.0,218.0,221.0,248.0,243.0,241.0,252.0,260.0,246.0,246.0,254.0
46,245.0,240.0,233.0,234.0,262.0,261.0,258.0,254.0,256.0,261.0,262.0,296.0,294.0,291.0,279.0,274.0,276.0,276.0,319.0,329.0,361.0,369.0,312.0,303.0,305.0,334.0,315.0,308.0,309.0,313.0,279.0,279.0,302.0,291.0,284.0,270.0,258.0,242.0,242.0,263.0,283.0,239.0,225.0,232.0,225.0,232.0,269.0,270.0,279.0,290.0,289.0,305.0,306.0,306.0,332.0,340.0,356.0,361.0,367.0,374.0,407.0,440.0,457.0,482.0,484.0,519.0,519.0,609.0,618.0,647.0,675.0,703.0,684.0,689.0,816.0,828.0,846.0,841.0,853.0,857.0,859.0,980.0,984.0,1023.0,1015.0,1002.0,979.0,971.0,1045.0,1008.0,1033.0,1008.0,999.0,934.0,911.0,973.0,919.0,894.0,870.0,857.0,788.0,780.0,842.0,825.0,795.0,764.0,709.0,688.0,685.0,732.0,735.0,766.0,725.0,722.0,686.0,683.0,771.0,762.0,753.0,737.0,756.0,792.0,795.0,947.0,950.0,939.0,933.0,940.0,1012.0,1005.0,1125.0,1154.0,1098.0,1104.0,1104.0,1202.0,1195.0,1354.0,1386.0,1389.0,1483.0,1531.0,1546.0,1546.0,1754.0,1780.0,1837.0,1899.0,1909.0,1946.0,1947.0,2158.0,2162.0,2253.0,2270.0,2305.0,2367.0,2381.0,2586.0,2617.0,2549.0,2425.0,2459.0,2382.0,2376.0,2539.0,2407.0,2275.0,2175.0,2066.0,1875.0,1862.0,1876.0,1712.0,1579.0,1440.0,1337.0,1199.0,1198.0,1186.0,1045.0,960.0,869.0,799.0,739.0,740.0,721.0,667.0,612.0,570.0,523.0,492.0,493.0,485.0,434.0,390.0,357.0,344.0,307.0,308.0,321.0,304.0,287.0,262.0,249.0,241.0,235.0,235.0,220.0,205.0,193.0,193.0,207.0,208.0,201.0,189.0,177.0,183.0,166.0,161.0,158.0,170.0,166.0,163.0,147.0,148.0,146.0,147.0,145.0,164.0,158.0,157.0,147.0,150.0,146.0,154.0,156.0,144.0,140.0,141.0,143.0,140.0,147.0,140.0,126.0,124.0,117.0,117.0,118.0,113.0,112.0,113.0,112.0,103.0,108.0,108.0,110.0,97.0,88.0,88.0,81.0,77.0,76.0,76.0
47,62.0,56.0,65.0,65.0,68.0,87.0,88.0,87.0,92.0,86.0,86.0,95.0,104.0,120.0,112.0,105.0,109.0,109.0,131.0,130.0,136.0,124.0,134.0,149.0,149.0,183.0,185.0,173.0,171.0,189.0,181.0,181.0,213.0,224.0,218.0,225.0,235.0,227.0,230.0,249.0,251.0,250.0,235.0,227.0,224.0,226.0,238.0,226.0,226.0,230.0,233.0,227.0,225.0,244.0,284.0,266.0,265.0,258.0,250.0,257.0,293.0,311.0,314.0,326.0,331.0,329.0,329.0,354.0,352.0,345.0,358.0,360.0,352.0,352.0,363.0,428.0,424.0,428.0,431.0,414.0,414.0,460.0,441.0,446.0,444.0,433.0,407.0,407.0,452.0,462.0,434.0,409.0,388.0,345.0,345.0,369.0,338.0,310.0,297.0,297.0,278.0,278.0,303.0,290.0,259.0,248.0,232.0,200.0,200.0,204.0,206.0,219.0,206.0,188.0,175.0,175.0,185.0,168.0,189.0,186.0,172.0,151.0,151.0,152.0,150.0,142.0,128.0,128.0,129.0,129.0,130.0,139.0,128.0,104.0,104.0,114.0,114.0,130.0,140.0,140.0,164.0,166.0,171.0,171.0,208.0,222.0,222.0,236.0,272.0,273.0,273.0,315.0,341.0,384.0,400.0,446.0,469.0,469.0,552.0,581.0,575.0,577.0,576.0,557.0,557.0,595.0,569.0,568.0,526.0,514.0,485.0,485.0,506.0,471.0,433.0,402.0,370.0,341.0,341.0,374.0,352.0,328.0,294.0,276.0,253.0,253.0,257.0,243.0,226.0,211.0,194.0,182.0,182.0,187.0,183.0,168.0,160.0,160.0,142.0,142.0,155.0,152.0,153.0,154.0,159.0,151.0,151.0,156.0,160.0,163.0,155.0,142.0,128.0,128.0,134.0,123.0,124.0,128.0,130.0,124.0,124.0,135.0,126.0,139.0,146.0,153.0,156.0,156.0,162.0,165.0,164.0,158.0,160.0,154.0,154.0,152.0,144.0,151.0,143.0,143.0,143.0,143.0,139.0,139.0,143.0,145.0,141.0,145.0,145.0,180.0,160.0,141.0,134.0,137.0,132.0,132.0,146.0,134.0,119.0,115.0,107.0,108.0,108.0,123.0
48,215.0,231.0,208.0,208.0,275.0,269.0,267.0,264.0,270.0,294.0,294.0,305.0,289.0,301.0,295.0,282.0,268.0,268.0,266.0,269.0,281.0,296.0,295.0,286.0,290.0,309.0,311.0,312.0,306.0,290.0,292.0,292.0,304.0,289.0,273.0,267.0,261.0,245.0,246.0,259.0,244.0,247.0,249.0,236.0,211.0,211.0,236.0,242.0,240.0,247.0,247.0,217.0,219.0,228.0,244.0,254.0,277.0,259.0,261.0,261.0,268.0,261.0,279.0,279.0,273.0,268.0,272.0,286.0,315.0,336.0,329.0,345.0,339.0,334.0,401.0,395.0,382.0,421.0,408.0,398.0,399.0,418.0,411.0,415.0,402.0,407.0,378.0,373.0,420.0,399.0,416.0,407.0,400.0,367.0,367.0,395.0,381.0,384.0,344.0,381.0,356.0,356.0,389.0,365.0,354.0,357.0,332.0,327.0,322.0,335.0,330.0,341.0,327.0,336.0,327.0,329.0,334.0,334.0,326.0,328.0,317.0,306.0,305.0,293.0,293.0,266.0,264.0,261.0,224.0,224.0,245.0,243.0,236.0,231.0,231.0,216.0,216.0,231.0,234.0,234.0,245.0,231.0,246.0,247.0,279.0,286.0,275.0,290.0,278.0,292.0,289.0,311.0,328.0,364.0,379.0,405.0,391.0,391.0,449.0,427.0,416.0,429.0,474.0,466.0,466.0,533.0,492.0,501.0,488.0,474.0,446.0,446.0,496.0,475.0,486.0,480.0,460.0,430.0,430.0,440.0,407.0,392.0,390.0,391.0,383.0,383.0,418.0,383.0,376.0,358.0,349.0,334.0,334.0,350.0,324.0,316.0,303.0,290.0,284.0,284.0,302.0,287.0,283.0,278.0,274.0,260.0,260.0,284.0,266.0,258.0,237.0,222.0,222.0,222.0,251.0,245.0,252.0,249.0,239.0,237.0,237.0,264.0,259.0,263.0,260.0,260.0,288.0,217.0,267.0,329.0,323.0,318.0,325.0,322.0,322.0,378.0,386.0,373.0,362.0,348.0,330.0,330.0,376.0,377.0,398.0,405.0,433.0,404.0,405.0,454.0,435.0,430.0,411.0,415.0,404.0,404.0,421.0,407.0,388.0,370.0,359.0,332.0,332.0,358.0
49,18.0,21.0,17.0,17.0,18.0,22.0,27.0,23.0,23.0,22.0,22.0,22.0,28.0,23.0,21.0,24.0,23.0,23.0,31.0,32.0,27.0,28.0,26.0,30.0,30.0,32.0,37.0,31.0,43.0,51.0,54.0,54.0,55.0,60.0,63.0,68.0,74.0,80.0,80.0,91.0,83.0,86.0,100.0,75.0,73.0,73.0,81.0,82.0,77.0,83.0,82.0,85.0,85.0,85.0,90.0,91.0,85.0,74.0,88.0,88.0,93.0,98.0,106.0,107.0,123.0,114.0,114.0,132.0,138.0,139.0,148.0,149.0,141.0,141.0,150.0,153.0,161.0,149.0,142.0,145.0,145.0,163.0,156.0,164.0,162.0,164.0,134.0,134.0,158.0,143.0,136.0,131.0,137.0,137.0,137.0,139.0,139.0,126.0,122.0,116.0,97.0,97.0,109.0,112.0,101.0,90.0,85.0,63.0,63.0,65.0,71.0,75.0,70.0,64.0,65.0,65.0,74.0,71.0,70.0,72.0,75.0,69.0,69.0,68.0,73.0,65.0,53.0,53.0,52.0,52.0,50.0,43.0,44.0,39.0,39.0,45.0,45.0,55.0,53.0,53.0,56.0,55.0,45.0,45.0,56.0,55.0,53.0,54.0,66.0,68.0,68.0,78.0,90.0,94.0,94.0,104.0,103.0,103.0,117.0,134.0,129.0,126.0,126.0,138.0,138.0,154.0,150.0,138.0,132.0,125.0,113.0,113.0,120.0,122.0,117.0,115.0,109.0,92.0,92.0,86.0,79.0,68.0,60.0,54.0,49.0,49.0,52.0,43.0,43.0,40.0,36.0,30.0,30.0,36.0,36.0,35.0,29.0,27.0,23.0,23.0,22.0,23.0,25.0,24.0,24.0,20.0,20.0,23.0,20.0,20.0,19.0,18.0,16.0,16.0,15.0,15.0,13.0,9.0,11.0,10.0,10.0,11.0,14.0,12.0,13.0,13.0,15.0,15.0,13.0,15.0,11.0,12.0,13.0,17.0,17.0,17.0,18.0,20.0,24.0,26.0,31.0,31.0,34.0,32.0,36.0,32.0,34.0,33.0,33.0,33.0,28.0,29.0,31.0,29.0,29.0,29.0,35.0,30.0,30.0,29.0,26.0,25.0,25.0,28.0
50,440.0,457.0,450.0,449.0,448.0,436.0,434.0,426.0,430.0,414.0,415.0,436.0,419.0,399.0,385.0,376.0,357.0,357.0,395.0,386.0,390.0,375.0,362.0,353.0,355.0,367.0,374.0,366.0,357.0,366.0,346.0,347.0,371.0,388.0,387.0,365.0,350.0,342.0,342.0,369.0,353.0,323.0,332.0,330.0,325.0,325.0,363.0,337.0,334.0,330.0,333.0,305.0,305.0,306.0,322.0,344.0,359.0,369.0,378.0,379.0,421.0,414.0,425.0,442.0,446.0,441.0,440.0,512.0,550.0,574.0,588.0,605.0,613.0,639.0,645.0,706.0,716.0,722.0,688.0,671.0,670.0,720.0,716.0,706.0,714.0,689.0,651.0,648.0,661.0,633.0,607.0,553.0,527.0,490.0,489.0,497.0,479.0,436.0,419.0,409.0,393.0,393.0,410.0,408.0,400.0,394.0,380.0,352.0,352.0,350.0,345.0,358.0,346.0,329.0,299.0,299.0,302.0,304.0,305.0,279.0,286.0,281.0,282.0,297.0,279.0,275.0,242.0,241.0,240.0,241.0,257.0,257.0,247.0,240.0,240.0,261.0,261.0,291.0,296.0,297.0,319.0,338.0,314.0,312.0,351.0,357.0,342.0,368.0,402.0,414.0,414.0,454.0,486.0,499.0,512.0,535.0,528.0,528.0,593.0,594.0,584.0,564.0,554.0,565.0,570.0,578.0,595.0,575.0,567.0,575.0,535.0,535.0,571.0,545.0,563.0,534.0,517.0,498.0,498.0,524.0,491.0,456.0,425.0,396.0,364.0,368.0,376.0,354.0,340.0,321.0,297.0,277.0,277.0,283.0,278.0,258.0,255.0,251.0,262.0,261.0,267.0,253.0,244.0,236.0,237.0,220.0,220.0,240.0,235.0,216.0,212.0,220.0,204.0,204.0,215.0,227.0,236.0,230.0,236.0,214.0,214.0,232.0,237.0,250.0,261.0,267.0,264.0,264.0,293.0,277.0,265.0,272.0,267.0,255.0,255.0,285.0,295.0,298.0,306.0,292.0,292.0,292.0,341.0,333.0,323.0,337.0,323.0,330.0,329.0,345.0,336.0,321.0,314.0,315.0,306.0,306.0,331.0,317.0,314.0,325.0,318.0,303.0,302.0,318.0
51,0.0,0.0,0.0,0.0,1.0,1.0,1.0,1.0,2.0,2.0,2.0,4.0,4.0,4.0,4.0,5.0,5.0,5.0,9.0,7.0,9.0,7.0,8.0,8.0,8.0,7.0,5.0,5.0,6.0,5.0,5.0,5.0,4.0,5.0,9.0,12.0,12.0,12.0,12.0,15.0,16.0,16.0,16.0,18.0,18.0,18.0,19.0,18.0,16.0,19.0,16.0,16.0,16.0,16.0,18.0,20.0,16.0,17.0,17.0,17.0,22.0,24.0,24.0,28.0,30.0,30.0,30.0,34.0,34.0,39.0,40.0,40.0,40.0,40.0,44.0,46.0,42.0,44.0,40.0,40.0,40.0,45.0,39.0,39.0,46.0,45.0,45.0,45.0,39.0,36.0,34.0,34.0,34.0,34.0,34.0,30.0,29.0,28.0,27.0,26.0,26.0,26.0,20.0,19.0,20.0,9.0,9.0,9.0,9.0,9.0,9.0,11.0,11.0,9.0,9.0,9.0,11.0,9.0,11.0,13.0,13.0,13.0,13.0,10.0,9.0,7.0,5.0,5.0,5.0,5.0,5.0,2.0,2.0,1.0,1.0,1.0,1.0,,3.0,3.0,6.0,7.0,9.0,9.0,9.0,12.0,12.0,19.0,22.0,21.0,21.0,20.0,21.0,23.0,25.0,26.0,29.0,29.0,30.0,29.0,29.0,24.0,27.0,23.0,23.0,31.0,29.0,30.0,31.0,29.0,28.0,28.0,31.0,28.0,28.0,27.0,27.0,26.0,26.0,28.0,27.0,29.0,30.0,32.0,32.0,32.0,31.0,31.0,28.0,25.0,24.0,25.0,25.0,28.0,26.0,24.0,19.0,19.0,18.0,18.0,24.0,21.0,21.0,20.0,20.0,21.0,21.0,26.0,25.0,27.0,26.0,28.0,30.0,30.0,28.0,27.0,28.0,31.0,26.0,27.0,27.0,29.0,28.0,25.0,23.0,23.0,22.0,22.0,24.0,26.0,24.0,29.0,29.0,30.0,30.0,32.0,34.0,32.0,34.0,35.0,31.0,31.0,31.0,28.0,25.0,27.0,26.0,25.0,25.0,27.0,27.0,30.0,27.0,23.0,20.0,20.0,23.0,21.0,21.0,21.0,21.0,21.0,21.0,19.0
52,6.0,7.0,6.0,6.0,8.0,7.0,4.0,3.0,4.0,6.0,6.0,8.0,6.0,6.0,7.0,6.0,6.0,6.0,10.0,10.0,11.0,14.0,14.0,15.0,15.0,16.0,14.0,14.0,14.0,15.0,14.0,14.0,15.0,15.0,16.0,16.0,16.0,15.0,15.0,16.0,15.0,11.0,12.0,11.0,12.0,12.0,17.0,18.0,19.0,20.0,20.0,22.0,22.0,22.0,26.0,30.0,26.0,30.0,32.0,32.0,40.0,42.0,47.0,39.0,42.0,41.0,41.0,52.0,54.0,52.0,48.0,51.0,51.0,51.0,54.0,52.0,47.0,50.0,49.0,43.0,42.0,46.0,47.0,46.0,47.0,43.0,42.0,43.0,41.0,40.0,32.0,29.0,28.0,26.0,27.0,29.0,29.0,25.0,24.0,21.0,20.0,22.0,23.0,21.0,17.0,16.0,15.0,16.0,16.0,20.0,20.0,21.0,20.0,19.0,14.0,14.0,15.0,13.0,13.0,13.0,14.0,14.0,14.0,15.0,12.0,11.0,11.0,11.0,14.0,14.0,15.0,13.0,13.0,11.0,11.0,10.0,10.0,14.0,15.0,15.0,14.0,13.0,15.0,15.0,14.0,13.0,12.0,11.0,10.0,11.0,11.0,16.0,20.0,25.0,31.0,34.0,36.0,38.0,39.0,35.0,38.0,35.0,45.0,43.0,43.0,44.0,41.0,42.0,39.0,37.0,41.0,41.0,42.0,39.0,36.0,35.0,34.0,35.0,35.0,36.0,33.0,29.0,25.0,25.0,19.0,19.0,23.0,19.0,17.0,20.0,21.0,20.0,20.0,20.0,17.0,17.0,15.0,18.0,17.0,17.0,15.0,13.0,13.0,11.0,13.0,14.0,14.0,22.0,20.0,19.0,18.0,19.0,21.0,21.0,20.0,23.0,26.0,22.0,26.0,28.0,28.0,33.0,28.0,27.0,27.0,27.0,31.0,31.0,36.0,39.0,39.0,42.0,44.0,44.0,44.0,49.0,47.0,44.0,37.0,43.0,36.0,36.0,42.0,35.0,30.0,26.0,26.0,25.0,25.0,26.0,27.0,27.0,20.0,21.0,21.0,21.0,24.0,21.0,18.0,19.0,19.0,16.0,16.0,20.0
